1000	5.0	191.0	197.0	201.0	193.0	193.0	195.0	192.0	200.0	196.0	211.0	201.0	199.0	188.0	188.0	193.0	200.0	188.0	181.0	198.0	198.0	199.0	196.0	204.0	196.0	199.0	194.0	187.0	202.0	193.0	190.0	188.0	195.0	196.0	202.0	191.0	189.0	197.0	189.0	188.0	204.0	202.0	189.0	188.0	201.0	194.0	197.0	193.0	202.0	198.0	193.0	194.0	183.0	208.0	196.0	193.0	198.0	202.0	194.0	199.0	189.0	199.0	194.0	183.0	194.0	189.0	199.0	204.0	201.0	197.0	201.0	206.0	200.0	192.0	185.0	183.0	200.0	201.0	196.0	190.0	203.0	197.0	198.0	206.0	190.0	207.0	188.0	198.0	187.0	194.0	198.0	207.0	190.0	199.0	193.0	197.0	192.0	190.0	201.0	195.0	192.0	183.0	192.0	181.0	200.0	190.0	207.0	195.0	201.0	186.0	205.0	192.0	202.0	203.0	192.0	201.0	192.0	196.0	192.0	203.0	190.0	204.0	202.0	197.0	196.0	181.0	195.0	193.0	202.0	201.0	196.0	194.0	195.0	199.0	192.0	198.0	190.0	202.0	198.0	197.0	192.0	193.0	195.0	190.0	194.0	195.0	188.0	199.0	192.0	182.0	191.0	199.0	188.0	194.0	196.0	194.0	211.0	191.0	196.0	194.0	201.0	201.0	193.0	197.0	190.0	195.0	193.0	190.0	196.0	192.0	194.0	196.0	193.0	194.0	196.0	205.0	196.0	204.0	200.0	203.0	191.0	193.0	184.0	203.0	183.0	203.0	207.0	206.0	204.0	190.0	180.0	196.0	198.0	205.0	193.0	199.0	194.0	197.0	197.0	190.0	202.0
1000	7.0	149.0	142.0	158.0	148.0	158.0	145.0	150.0	159.0	148.0	157.0	162.0	151.0	160.0	161.0	150.0	155.0	157.0	148.0	147.0	155.0	144.0	155.0	142.0	152.0	155.0	149.0	152.0	154.0	156.0	149.0	161.0	148.0	148.0	150.0	152.0	154.0	149.0	146.0	149.0	141.0	146.0	148.0	154.0	149.0	148.0	147.0	150.0	151.0	147.0	144.0	148.0	160.0	145.0	150.0	152.0	151.0	137.0	143.0	152.0	152.0	147.0	148.0	157.0	150.0	145.0	157.0	150.0	152.0	147.0	153.0	157.0	146.0	144.0	143.0	150.0	152.0	144.0	159.0	147.0	160.0	160.0	147.0	148.0	155.0	156.0	156.0	151.0	145.0	152.0	162.0	149.0	150.0	154.0	150.0	146.0	156.0	155.0	153.0	152.0	147.0	167.0	146.0	144.0	146.0	147.0	151.0	145.0	160.0	146.0	146.0	148.0	158.0	148.0	156.0	145.0	154.0	163.0	154.0	148.0	145.0	143.0	140.0	148.0	153.0	148.0	145.0	155.0	145.0	144.0	150.0	145.0	149.0	147.0	152.0	151.0	145.0	154.0	141.0	153.0	153.0	147.0	144.0	155.0	164.0	145.0	153.0	158.0	146.0	149.0	157.0	155.0	145.0	150.0	155.0	154.0	149.0	165.0	158.0	145.0	149.0	152.0	148.0	147.0	148.0	150.0	145.0	150.0	157.0	156.0	147.0	150.0	151.0	153.0	154.0	152.0	136.0	159.0	162.0	150.0	155.0	156.0	149.0	147.0	149.0	147.0	151.0	155.0	150.0	156.0	156.0	147.0	154.0	145.0	152.0	142.0	151.0	143.0	154.0	159.0	148.0
1000	10.0	118.0	116.0	116.0	116.0	116.0	113.0	124.0	116.0	117.0	121.0	126.0	115.0	109.0	114.0	113.0	116.0	117.0	117.0	107.0	120.0	107.0	118.0	108.0	113.0	109.0	113.0	118.0	129.0	115.0	122.0	117.0	122.0	122.0	117.0	120.0	109.0	121.0	119.0	115.0	117.0	112.0	116.0	122.0	110.0	113.0	118.0	112.0	115.0	110.0	126.0	121.0	123.0	122.0	119.0	114.0	115.0	116.0	114.0	124.0	106.0	110.0	117.0	111.0	106.0	111.0	121.0	115.0	109.0	114.0	123.0	123.0	109.0	116.0	120.0	119.0	129.0	110.0	118.0	120.0	122.0	113.0	109.0	112.0	113.0	122.0	106.0	115.0	112.0	111.0	111.0	118.0	113.0	104.0	107.0	122.0	110.0	120.0	132.0	118.0	104.0	113.0	117.0	118.0	122.0	116.0	110.0	113.0	114.0	116.0	120.0	111.0	111.0	108.0	121.0	115.0	121.0	118.0	112.0	123.0	118.0	113.0	120.0	120.0	120.0	121.0	117.0	121.0	118.0	110.0	116.0	116.0	118.0	120.0	123.0	117.0	112.0	116.0	116.0	119.0	110.0	113.0	116.0	114.0	118.0	115.0	114.0	113.0	113.0	110.0	115.0	113.0	118.0	118.0	112.0	121.0	119.0	109.0	110.0	119.0	116.0	115.0	110.0	123.0	116.0	111.0	106.0	125.0	123.0	115.0	114.0	121.0	117.0	114.0	115.0	117.0	111.0	113.0	119.0	119.0	128.0	115.0	110.0	111.0	113.0	114.0	122.0	117.0	119.0	105.0	110.0	113.0	117.0	109.0	113.0	116.0	109.0	109.0	124.0	123.0	115.0
1000	15.0	92.0	83.0	93.0	83.0	92.0	91.0	86.0	86.0	90.0	94.0	86.0	84.0	88.0	87.0	83.0	82.0	89.0	85.0	94.0	93.0	89.0	74.0	79.0	97.0	87.0	90.0	75.0	88.0	86.0	81.0	80.0	86.0	88.0	83.0	95.0	84.0	92.0	82.0	88.0	83.0	81.0	76.0	91.0	92.0	90.0	82.0	88.0	87.0	87.0	84.0	88.0	84.0	75.0	86.0	86.0	88.0	79.0	87.0	89.0	81.0	74.0	83.0	78.0	85.0	83.0	79.0	93.0	78.0	88.0	89.0	85.0	86.0	96.0	93.0	92.0	82.0	78.0	92.0	82.0	80.0	85.0	82.0	81.0	92.0	86.0	88.0	84.0	89.0	91.0	84.0	89.0	85.0	76.0	84.0	90.0	94.0	83.0	92.0	87.0	83.0	97.0	82.0	84.0	94.0	94.0	81.0	84.0	88.0	88.0	94.0	89.0	86.0	81.0	85.0	86.0	85.0	89.0	78.0	87.0	89.0	90.0	81.0	82.0	84.0	82.0	81.0	84.0	78.0	90.0	92.0	86.0	88.0	87.0	90.0	97.0	78.0	97.0	89.0	77.0	84.0	83.0	92.0	92.0	89.0	87.0	85.0	83.0	90.0	83.0	82.0	83.0	93.0	94.0	80.0	93.0	86.0	86.0	89.0	87.0	93.0	80.0	96.0	78.0	87.0	86.0	87.0	82.0	84.0	84.0	85.0	84.0	78.0	85.0	80.0	90.0	89.0	89.0	85.0	85.0	84.0	89.0	89.0	77.0	80.0	82.0	89.0	93.0	93.0	89.0	73.0	74.0	80.0	88.0	86.0	88.0	80.0	87.0	88.0	87.0	85.0
1000	22.0	64.0	68.0	70.0	66.0	65.0	65.0	65.0	77.0	67.0	65.0	63.0	69.0	72.0	66.0	65.0	69.0	62.0	60.0	72.0	59.0	73.0	62.0	69.0	78.0	76.0	71.0	59.0	66.0	76.0	73.0	74.0	73.0	68.0	71.0	71.0	63.0	75.0	63.0	60.0	65.0	65.0	64.0	58.0	68.0	72.0	65.0	62.0	65.0	62.0	73.0	67.0	69.0	64.0	68.0	72.0	63.0	66.0	59.0	68.0	61.0	61.0	62.0	66.0	67.0	71.0	73.0	65.0	64.0	74.0	59.0	68.0	65.0	71.0	66.0	66.0	68.0	68.0	67.0	65.0	69.0	51.0	74.0	68.0	61.0	58.0	64.0	72.0	62.0	68.0	73.0	63.0	64.0	71.0	62.0	72.0	64.0	67.0	63.0	75.0	69.0	63.0	64.0	62.0	68.0	69.0	64.0	59.0	67.0	66.0	65.0	72.0	71.0	64.0	74.0	54.0	67.0	66.0	70.0	62.0	60.0	63.0	72.0	61.0	64.0	63.0	69.0	77.0	71.0	62.0	66.0	67.0	64.0	62.0	71.0	70.0	66.0	65.0	71.0	62.0	65.0	69.0	63.0	67.0	67.0	68.0	65.0	63.0	54.0	73.0	64.0	67.0	64.0	76.0	70.0	67.0	69.0	64.0	59.0	79.0	61.0	69.0	68.0	67.0	66.0	68.0	63.0	65.0	70.0	67.0	64.0	60.0	71.0	68.0	56.0	64.0	70.0	63.0	66.0	65.0	70.0	59.0	69.0	64.0	62.0	72.0	71.0	74.0	72.0	67.0	74.0	67.0	71.0	67.0	69.0	66.0	68.0	67.0	69.0	58.0	67.0
1000	33.0	51.0	55.0	47.0	58.0	57.0	58.0	64.0	44.0	53.0	52.0	54.0	47.0	51.0	58.0	48.0	54.0	57.0	47.0	56.0	57.0	51.0	50.0	52.0	50.0	51.0	50.0	48.0	53.0	61.0	42.0	54.0	43.0	52.0	50.0	60.0	46.0	54.0	50.0	57.0	52.0	52.0	60.0	43.0	48.0	54.0	58.0	56.0	45.0	55.0	46.0	51.0	58.0	53.0	48.0	56.0	59.0	50.0	51.0	52.0	55.0	50.0	56.0	51.0	50.0	63.0	59.0	54.0	55.0	41.0	47.0	54.0	51.0	63.0	56.0	53.0	52.0	54.0	67.0	50.0	57.0	54.0	57.0	61.0	58.0	47.0	50.0	54.0	52.0	70.0	48.0	60.0	45.0	50.0	54.0	57.0	53.0	55.0	57.0	42.0	52.0	51.0	56.0	54.0	52.0	41.0	52.0	49.0	60.0	44.0	61.0	61.0	49.0	51.0	45.0	48.0	39.0	41.0	52.0	49.0	46.0	50.0	49.0	52.0	54.0	48.0	53.0	61.0	48.0	50.0	49.0	47.0	55.0	61.0	51.0	49.0	58.0	55.0	69.0	56.0	58.0	50.0	48.0	54.0	59.0	43.0	55.0	51.0	61.0	52.0	48.0	50.0	48.0	48.0	53.0	55.0	63.0	57.0	60.0	59.0	59.0	61.0	47.0	45.0	69.0	54.0	58.0	48.0	45.0	56.0	50.0	59.0	49.0	48.0	51.0	50.0	57.0	57.0	55.0	47.0	71.0	54.0	51.0	62.0	57.0	57.0	51.0	44.0	60.0	61.0	48.0	46.0	57.0	59.0	54.0	48.0	54.0	53.0	49.0	58.0	53.0
1000	49.0	37.0	36.0	48.0	52.0	46.0	39.0	46.0	36.0	44.0	38.0	36.0	39.0	42.0	38.0	60.0	35.0	38.0	52.0	51.0	40.0	37.0	40.0	49.0	62.0	39.0	36.0	45.0	38.0	43.0	46.0	28.0	44.0	35.0	39.0	41.0	39.0	47.0	39.0	40.0	42.0	36.0	49.0	45.0	39.0	44.0	40.0	45.0	46.0	44.0	36.0	44.0	49.0	34.0	37.0	41.0	40.0	45.0	56.0	44.0	38.0	58.0	38.0	44.0	51.0	45.0	35.0	50.0	48.0	37.0	46.0	36.0	52.0	45.0	44.0	44.0	39.0	49.0	55.0	58.0	46.0	42.0	40.0	32.0	42.0	38.0	47.0	39.0	46.0	46.0	45.0	61.0	34.0	41.0	34.0	47.0	43.0	45.0	41.0	38.0	41.0	40.0	58.0	42.0	42.0	37.0	53.0	60.0	44.0	44.0	43.0	38.0	52.0	38.0	36.0	49.0	43.0	45.0	45.0	44.0	46.0	43.0	35.0	45.0	41.0	44.0	35.0	45.0	46.0	51.0	44.0	39.0	32.0	48.0	49.0	39.0	58.0	44.0	38.0	54.0	44.0	47.0	44.0	38.0	41.0	41.0	45.0	45.0	46.0	43.0	54.0	50.0	48.0	58.0	41.0	39.0	45.0	39.0	37.0	37.0	47.0	44.0	39.0	44.0	52.0	51.0	46.0	41.0	57.0	36.0	34.0	43.0	50.0	48.0	43.0	33.0	45.0	51.0	35.0	55.0	36.0	51.0	38.0	44.0	45.0	56.0	40.0	52.0	38.0	41.0	32.0	43.0	30.0	50.0	48.0	43.0	55.0	56.0	44.0	41.0	56.0
1000	73.0	37.0	45.0	48.0	32.0	36.0	49.0	52.0	35.0	31.0	58.0	36.0	38.0	38.0	36.0	40.0	35.0	47.0	39.0	49.0	32.0	46.0	43.0	40.0	47.0	46.0	32.0	47.0	40.0	27.0	53.0	39.0	36.0	42.0	43.0	30.0	43.0	43.0	41.0	47.0	35.0	27.0	40.0	42.0	31.0	26.0	43.0	35.0	35.0	37.0	34.0	46.0	41.0	36.0	36.0	38.0	48.0	34.0	37.0	45.0	37.0	42.0	40.0	40.0	39.0	40.0	38.0	39.0	38.0	48.0	38.0	34.0	27.0	31.0	31.0	38.0	40.0	41.0	33.0	36.0	42.0	42.0	42.0	38.0	39.0	37.0	48.0	38.0	43.0	51.0	31.0	34.0	31.0	38.0	41.0	42.0	32.0	44.0	45.0	44.0	40.0	41.0	43.0	43.0	33.0	54.0	43.0	46.0	43.0	48.0	44.0	42.0	45.0	49.0	39.0	56.0	41.0	44.0	41.0	37.0	43.0	32.0	31.0	47.0	38.0	35.0	37.0	31.0	41.0	48.0	28.0	35.0	40.0	40.0	40.0	42.0	53.0	35.0	43.0	59.0	47.0	36.0	34.0	39.0	40.0	36.0	31.0	51.0	41.0	39.0	37.0	44.0	41.0	41.0	39.0	46.0	39.0	27.0	28.0	30.0	48.0	41.0	38.0	44.0	38.0	42.0	46.0	43.0	32.0	31.0	41.0	39.0	46.0	34.0	44.0	56.0	52.0	35.0	39.0	35.0	31.0	35.0	32.0	51.0	30.0	42.0	45.0	42.0	36.0	54.0	45.0	35.0	37.0	30.0	44.0	30.0	37.0	43.0	37.0	39.0	38.0
1000	109.0	54.0	35.0	43.0	44.0	41.0	34.0	34.0	33.0	37.0	38.0	42.0	24.0	36.0	44.0	33.0	29.0	44.0	34.0	44.0	33.0	33.0	34.0	22.0	31.0	34.0	24.0	26.0	32.0	47.0	38.0	31.0	33.0	36.0	44.0	44.0	30.0	29.0	30.0	31.0	33.0	43.0	26.0	42.0	32.0	42.0	45.0	30.0	42.0	36.0	36.0	44.0	47.0	34.0	36.0	40.0	42.0	40.0	38.0	24.0	39.0	36.0	38.0	33.0	52.0	35.0	39.0	32.0	37.0	35.0	39.0	28.0	45.0	36.0	45.0	30.0	37.0	33.0	31.0	34.0	44.0	35.0	39.0	31.0	36.0	34.0	38.0	37.0	35.0	35.0	43.0	22.0	37.0	31.0	37.0	49.0	36.0	42.0	26.0	32.0	29.0	36.0	37.0	36.0	28.0	41.0	39.0	31.0	47.0	37.0	41.0	31.0	28.0	38.0	34.0	40.0	49.0	38.0	30.0	44.0	35.0	48.0	20.0	31.0	30.0	45.0	38.0	40.0	30.0	40.0	32.0	37.0	37.0	43.0	34.0	38.0	27.0	33.0	36.0	34.0	27.0	28.0	43.0	37.0	48.0	44.0	26.0	35.0	38.0	38.0	40.0	37.0	49.0	29.0	35.0	34.0	37.0	39.0	38.0	28.0	37.0	24.0	34.0	26.0	41.0	35.0	42.0	49.0	44.0	39.0	43.0	30.0	31.0	32.0	31.0	30.0	34.0	31.0	42.0	32.0	38.0	35.0	36.0	29.0	40.0	23.0	33.0	36.0	38.0	45.0	38.0	48.0	34.0	36.0	43.0	32.0	35.0	40.0	32.0	29.0	41.0
1000	163.0	36.0	38.0	27.0	43.0	44.0	31.0	37.0	49.0	49.0	28.0	37.0	44.0	32.0	39.0	35.0	36.0	25.0	41.0	33.0	39.0	31.0	28.0	30.0	31.0	22.0	38.0	28.0	40.0	28.0	34.0	33.0	21.0	30.0	36.0	31.0	34.0	25.0	37.0	22.0	40.0	37.0	49.0	25.0	39.0	25.0	36.0	40.0	48.0	24.0	35.0	32.0	29.0	42.0	33.0	43.0	35.0	38.0	32.0	33.0	37.0	25.0	25.0	36.0	34.0	30.0	32.0	52.0	50.0	37.0	47.0	40.0	41.0	31.0	41.0	41.0	34.0	30.0	31.0	42.0	33.0	32.0	43.0	28.0	33.0	32.0	37.0	30.0	26.0	28.0	26.0	38.0	36.0	35.0	32.0	38.0	45.0	29.0	30.0	35.0	36.0	30.0	32.0	26.0	37.0	33.0	20.0	35.0	35.0	39.0	38.0	43.0	36.0	43.0	30.0	22.0	27.0	31.0	28.0	33.0	22.0	23.0	30.0	31.0	34.0	49.0	37.0	24.0	44.0	21.0	43.0	39.0	41.0	34.0	28.0	26.0	40.0	34.0	30.0	35.0	35.0	36.0	32.0	26.0	29.0	30.0	34.0	37.0	33.0	46.0	33.0	32.0	25.0	34.0	33.0	30.0	38.0	32.0	30.0	37.0	26.0	22.0	38.0	28.0	39.0	32.0	49.0	40.0	37.0	40.0	21.0	30.0	29.0	36.0	46.0	30.0	28.0	28.0	40.0	38.0	31.0	30.0	40.0	36.0	34.0	28.0	31.0	35.0	31.0	28.0	44.0	38.0	43.0	34.0	38.0	35.0	39.0	27.0	27.0	39.0	21.0
2000	5.0	363.0	380.0	405.0	391.0	384.0	376.0	372.0	401.0	392.0	400.0	391.0	393.0	407.0	397.0	382.0	378.0	384.0	397.0	388.0	371.0	402.0	383.0	379.0	385.0	393.0	384.0	385.0	403.0	405.0	402.0	403.0	396.0	385.0	390.0	405.0	408.0	392.0	397.0	385.0	391.0	387.0	401.0	401.0	381.0	386.0	387.0	397.0	399.0	387.0	395.0	377.0	391.0	384.0	388.0	401.0	382.0	374.0	390.0	404.0	396.0	391.0	380.0	381.0	390.0	409.0	391.0	391.0	408.0	397.0	418.0	400.0	371.0	383.0	392.0	402.0	389.0	390.0	396.0	390.0	388.0	397.0	392.0	404.0	382.0	388.0	374.0	379.0	398.0	377.0	403.0	388.0	395.0	384.0	397.0	385.0	395.0	402.0	385.0	399.0	382.0	401.0	397.0	371.0	387.0	393.0	390.0	382.0	407.0	401.0	387.0	409.0	388.0	394.0	388.0	382.0	400.0	395.0	385.0	377.0	393.0	387.0	365.0	398.0	405.0	389.0	381.0	393.0	398.0	402.0	394.0	381.0	402.0	397.0	395.0	391.0	409.0	401.0	384.0	385.0	384.0	395.0	379.0	381.0	397.0	379.0	378.0	379.0	366.0	391.0	399.0	388.0	392.0	381.0	374.0	397.0	392.0	388.0	373.0	399.0	386.0	394.0	390.0	382.0	394.0	400.0	372.0	387.0	385.0	400.0	399.0	388.0	383.0	400.0	394.0	387.0	386.0	390.0	385.0	381.0	393.0	396.0	391.0	396.0	382.0	401.0	395.0	385.0	398.0	376.0	398.0	387.0	394.0	406.0	381.0	382.0	371.0	394.0	385.0	395.0	394.0
2000	7.0	309.0	301.0	305.0	298.0	319.0	300.0	308.0	312.0	315.0	317.0	294.0	309.0	313.0	296.0	310.0	288.0	312.0	307.0	309.0	305.0	309.0	311.0	309.0	302.0	311.0	297.0	301.0	312.0	301.0	291.0	305.0	298.0	295.0	309.0	286.0	291.0	306.0	299.0	307.0	300.0	313.0	306.0	299.0	294.0	291.0	300.0	294.0	310.0	302.0	287.0	327.0	309.0	296.0	312.0	304.0	291.0	287.0	315.0	321.0	306.0	309.0	312.0	303.0	304.0	324.0	299.0	292.0	301.0	330.0	308.0	304.0	297.0	298.0	302.0	298.0	298.0	299.0	311.0	312.0	304.0	301.0	302.0	304.0	309.0	286.0	296.0	304.0	313.0	312.0	301.0	301.0	303.0	291.0	313.0	291.0	312.0	297.0	309.0	306.0	296.0	301.0	306.0	313.0	307.0	293.0	285.0	286.0	306.0	314.0	301.0	306.0	303.0	308.0	308.0	300.0	289.0	323.0	316.0	290.0	303.0	297.0	307.0	315.0	299.0	319.0	311.0	306.0	302.0	310.0	289.0	304.0	321.0	299.0	283.0	320.0	297.0	294.0	291.0	294.0	291.0	305.0	293.0	294.0	281.0	293.0	306.0	313.0	293.0	298.0	297.0	304.0	310.0	298.0	305.0	301.0	302.0	317.0	297.0	296.0	308.0	298.0	306.0	295.0	311.0	306.0	287.0	314.0	318.0	296.0	307.0	305.0	302.0	289.0	298.0	306.0	306.0	301.0	302.0	315.0	305.0	302.0	300.0	310.0	289.0	304.0	298.0	306.0	294.0	305.0	303.0	291.0	308.0	292.0	297.0	307.0	300.0	296.0	299.0	314.0	308.0
2000	10.0	228.0	233.0	236.0	240.0	228.0	242.0	241.0	220.0	228.0	234.0	242.0	226.0	245.0	224.0	236.0	235.0	216.0	225.0	228.0	221.0	230.0	225.0	225.0	239.0	222.0	239.0	227.0	244.0	231.0	230.0	217.0	246.0	232.0	222.0	237.0	231.0	230.0	249.0	231.0	233.0	239.0	235.0	246.0	226.0	243.0	220.0	246.0	224.0	242.0	249.0	228.0	238.0	246.0	230.0	215.0	232.0	234.0	241.0	239.0	228.0	235.0	231.0	231.0	232.0	226.0	226.0	225.0	220.0	244.0	226.0	228.0	234.0	253.0	224.0	217.0	238.0	244.0	231.0	240.0	232.0	230.0	227.0	237.0	226.0	243.0	235.0	237.0	228.0	215.0	237.0	230.0	228.0	244.0	215.0	232.0	237.0	236.0	224.0	227.0	214.0	229.0	237.0	228.0	247.0	234.0	222.0	238.0	219.0	249.0	234.0	221.0	238.0	223.0	232.0	226.0	245.0	237.0	218.0	222.0	230.0	232.0	244.0	231.0	229.0	224.0	221.0	240.0	246.0	248.0	223.0	252.0	226.0	238.0	263.0	229.0	232.0	224.0	248.0	235.0	244.0	238.0	223.0	234.0	225.0	228.0	227.0	228.0	218.0	225.0	220.0	236.0	222.0	228.0	233.0	219.0	220.0	234.0	219.0	236.0	237.0	229.0	236.0	235.0	237.0	233.0	248.0	252.0	214.0	227.0	229.0	237.0	220.0	232.0	236.0	233.0	226.0	224.0	232.0	222.0	206.0	237.0	236.0	233.0	225.0	243.0	237.0	218.0	221.0	213.0	220.0	224.0	238.0	235.0	253.0	232.0	230.0	223.0	221.0	229.0	246.0
2000	15.0	175.0	168.0	178.0	173.0	168.0	167.0	168.0	170.0	176.0	178.0	197.0	178.0	167.0	173.0	169.0	167.0	158.0	184.0	187.0	182.0	178.0	170.0	186.0	162.0	158.0	192.0	180.0	177.0	170.0	174.0	180.0	187.0	163.0	171.0	181.0	170.0	179.0	170.0	167.0	176.0	177.0	164.0	172.0	164.0	175.0	188.0	159.0	175.0	168.0	171.0	176.0	179.0	181.0	172.0	175.0	183.0	162.0	175.0	170.0	182.0	172.0	174.0	173.0	180.0	182.0	162.0	185.0	169.0	167.0	164.0	181.0	180.0	168.0	174.0	184.0	159.0	178.0	173.0	175.0	161.0	169.0	159.0	167.0	177.0	177.0	162.0	181.0	164.0	169.0	171.0	171.0	158.0	172.0	178.0	164.0	180.0	175.0	184.0	173.0	161.0	181.0	169.0	177.0	164.0	178.0	160.0	178.0	158.0	174.0	169.0	172.0	174.0	169.0	163.0	171.0	181.0	178.0	181.0	169.0	177.0	175.0	175.0	183.0	176.0	173.0	166.0	166.0	175.0	177.0	162.0	174.0	176.0	176.0	176.0	178.0	177.0	154.0	189.0	184.0	167.0	178.0	182.0	183.0	174.0	158.0	184.0	163.0	183.0	175.0	167.0	162.0	157.0	164.0	170.0	167.0	184.0	177.0	160.0	188.0	164.0	171.0	177.0	176.0	180.0	161.0	165.0	180.0	176.0	183.0	166.0	172.0	165.0	163.0	174.0	162.0	168.0	174.0	165.0	174.0	171.0	160.0	167.0	184.0	177.0	179.0	180.0	175.0	170.0	160.0	172.0	172.0	162.0	163.0	170.0	168.0	161.0	173.0	175.0	177.0	175.0
2000	22.0	121.0	139.0	132.0	131.0	119.0	155.0	128.0	146.0	121.0	140.0	123.0	139.0	130.0	118.0	138.0	135.0	131.0	137.0	130.0	120.0	150.0	133.0	130.0	140.0	125.0	133.0	141.0	137.0	131.0	133.0	140.0	154.0	130.0	130.0	142.0	119.0	123.0	139.0	132.0	130.0	117.0	136.0	128.0	118.0	131.0	136.0	122.0	123.0	134.0	132.0	146.0	129.0	136.0	150.0	152.0	134.0	135.0	127.0	135.0	151.0	144.0	132.0	161.0	146.0	136.0	144.0	135.0	122.0	133.0	157.0	140.0	142.0	128.0	120.0	144.0	133.0	123.0	135.0	133.0	131.0	131.0	151.0	140.0	137.0	133.0	147.0	137.0	127.0	132.0	129.0	131.0	130.0	147.0	128.0	138.0	122.0	141.0	142.0	142.0	138.0	153.0	139.0	136.0	134.0	134.0	132.0	130.0	128.0	140.0	137.0	139.0	141.0	127.0	121.0	144.0	138.0	140.0	143.0	128.0	130.0	150.0	137.0	148.0	140.0	130.0	141.0	123.0	161.0	139.0	138.0	136.0	137.0	139.0	141.0	128.0	130.0	141.0	127.0	139.0	125.0	119.0	134.0	116.0	138.0	154.0	129.0	136.0	150.0	133.0	133.0	139.0	144.0	120.0	143.0	150.0	143.0	131.0	129.0	144.0	137.0	143.0	121.0	133.0	152.0	144.0	144.0	124.0	119.0	139.0	126.0	143.0	158.0	134.0	141.0	132.0	126.0	138.0	132.0	147.0	123.0	144.0	137.0	134.0	147.0	140.0	116.0	130.0	131.0	131.0	115.0	141.0	132.0	127.0	136.0	143.0	136.0	133.0	129.0	141.0	134.0
2000	33.0	108.0	90.0	116.0	96.0	114.0	118.0	118.0	107.0	100.0	93.0	103.0	120.0	108.0	121.0	112.0	126.0	115.0	112.0	102.0	106.0	86.0	102.0	114.0	108.0	115.0	109.0	100.0	108.0	109.0	116.0	112.0	113.0	109.0	120.0	103.0	90.0	105.0	112.0	105.0	111.0	109.0	104.0	91.0	112.0	98.0	115.0	111.0	90.0	101.0	111.0	103.0	100.0	106.0	111.0	105.0	117.0	108.0	100.0	108.0	116.0	112.0	100.0	111.0	103.0	95.0	100.0	106.0	105.0	104.0	130.0	103.0	101.0	111.0	101.0	114.0	107.0	110.0	113.0	107.0	106.0	98.0	98.0	106.0	90.0	100.0	107.0	123.0	115.0	110.0	105.0	92.0	120.0	102.0	112.0	92.0	104.0	109.0	100.0	105.0	116.0	109.0	105.0	94.0	103.0	109.0	100.0	118.0	108.0	111.0	101.0	100.0	116.0	111.0	119.0	102.0	105.0	105.0	111.0	117.0	116.0	113.0	88.0	117.0	108.0	104.0	112.0	84.0	102.0	101.0	91.0	118.0	96.0	102.0	98.0	99.0	117.0	110.0	101.0	110.0	97.0	108.0	118.0	96.0	130.0	95.0	110.0	114.0	112.0	99.0	93.0	95.0	101.0	106.0	110.0	110.0	116.0	113.0	109.0	109.0	125.0	124.0	112.0	103.0	102.0	104.0	126.0	105.0	104.0	128.0	114.0	96.0	105.0	113.0	114.0	115.0	96.0	98.0	117.0	87.0	119.0	119.0	107.0	94.0	113.0	115.0	102.0	106.0	102.0	115.0	122.0	104.0	107.0	118.0	107.0	87.0	107.0	101.0	118.0	98.0	119.0
2000	49.0	94.0	90.0	83.0	94.0	87.0	79.0	89.0	101.0	89.0	87.0	85.0	85.0	95.0	91.0	88.0	110.0	88.0	96.0	88.0	94.0	94.0	76.0	80.0	98.0	83.0	82.0	83.0	107.0	64.0	90.0	92.0	72.0	91.0	90.0	91.0	91.0	89.0	108.0	85.0	95.0	94.0	81.0	95.0	97.0	89.0	92.0	76.0	89.0	94.0	87.0	86.0	106.0	82.0	82.0	82.0	83.0	98.0	92.0	87.0	89.0	92.0	104.0	84.0	97.0	102.0	92.0	115.0	87.0	95.0	86.0	103.0	85.0	90.0	98.0	99.0	65.0	71.0	91.0	80.0	89.0	107.0	93.0	87.0	109.0	89.0	95.0	97.0	84.0	77.0	84.0	94.0	74.0	93.0	77.0	103.0	78.0	80.0	83.0	86.0	84.0	83.0	91.0	88.0	95.0	89.0	96.0	81.0	87.0	86.0	77.0	86.0	108.0	100.0	95.0	116.0	82.0	80.0	79.0	82.0	103.0	92.0	83.0	76.0	101.0	106.0	91.0	97.0	89.0	90.0	107.0	91.0	98.0	85.0	95.0	90.0	86.0	91.0	80.0	86.0	108.0	90.0	89.0	97.0	84.0	98.0	96.0	108.0	77.0	78.0	98.0	90.0	82.0	82.0	101.0	77.0	95.0	109.0	92.0	92.0	94.0	101.0	77.0	86.0	70.0	100.0	108.0	83.0	77.0	84.0	78.0	106.0	83.0	65.0	94.0	96.0	80.0	100.0	82.0	106.0	99.0	83.0	80.0	76.0	94.0	81.0	84.0	83.0	92.0	96.0	115.0	96.0	86.0	91.0	93.0	96.0	88.0	97.0	86.0	79.0	84.0
2000	73.0	78.0	71.0	94.0	96.0	76.0	83.0	93.0	97.0	107.0	88.0	75.0	82.0	73.0	85.0	76.0	78.0	92.0	78.0	66.0	78.0	73.0	93.0	81.0	87.0	91.0	75.0	103.0	82.0	70.0	113.0	73.0	75.0	63.0	74.0	93.0	77.0	86.0	78.0	89.0	83.0	99.0	86.0	88.0	91.0	84.0	122.0	95.0	79.0	76.0	80.0	68.0	64.0	76.0	68.0	81.0	83.0	94.0	86.0	63.0	67.0	85.0	96.0	69.0	78.0	82.0	90.0	85.0	83.0	86.0	101.0	100.0	107.0	94.0	96.0	99.0	70.0	82.0	86.0	74.0	75.0	94.0	85.0	80.0	62.0	63.0	89.0	101.0	90.0	88.0	70.0	89.0	78.0	82.0	72.0	75.0	69.0	87.0	69.0	92.0	69.0	85.0	71.0	85.0	80.0	92.0	76.0	101.0	81.0	68.0	85.0	72.0	67.0	71.0	80.0	85.0	82.0	71.0	70.0	78.0	77.0	101.0	83.0	71.0	65.0	90.0	71.0	88.0	93.0	76.0	67.0	79.0	75.0	94.0	77.0	65.0	94.0	71.0	90.0	72.0	74.0	79.0	83.0	107.0	68.0	73.0	62.0	85.0	110.0	72.0	106.0	82.0	65.0	73.0	71.0	88.0	77.0	72.0	85.0	69.0	82.0	92.0	101.0	86.0	58.0	81.0	91.0	75.0	79.0	72.0	65.0	85.0	73.0	93.0	75.0	66.0	69.0	80.0	91.0	71.0	82.0	73.0	83.0	83.0	64.0	74.0	76.0	94.0	76.0	79.0	89.0	80.0	78.0	97.0	84.0	93.0	78.0	85.0	87.0	91.0	76.0
2000	109.0	54.0	79.0	74.0	95.0	92.0	94.0	87.0	60.0	60.0	92.0	73.0	77.0	72.0	80.0	69.0	78.0	91.0	57.0	71.0	59.0	83.0	95.0	60.0	99.0	87.0	71.0	56.0	73.0	101.0	89.0	83.0	95.0	79.0	68.0	85.0	95.0	72.0	86.0	70.0	97.0	73.0	90.0	65.0	64.0	62.0	67.0	66.0	64.0	78.0	90.0	69.0	79.0	99.0	79.0	76.0	62.0	83.0	72.0	66.0	68.0	73.0	62.0	56.0	69.0	89.0	61.0	69.0	56.0	89.0	83.0	82.0	69.0	71.0	83.0	79.0	65.0	98.0	70.0	111.0	77.0	91.0	68.0	64.0	110.0	79.0	56.0	67.0	89.0	45.0	83.0	67.0	96.0	70.0	70.0	84.0	65.0	68.0	55.0	83.0	77.0	86.0	58.0	62.0	59.0	87.0	88.0	81.0	82.0	72.0	65.0	66.0	71.0	62.0	82.0	85.0	66.0	71.0	92.0	110.0	66.0	84.0	81.0	70.0	66.0	78.0	66.0	82.0	72.0	93.0	76.0	80.0	90.0	78.0	79.0	56.0	78.0	74.0	65.0	97.0	85.0	71.0	70.0	78.0	73.0	101.0	95.0	78.0	86.0	74.0	85.0	74.0	75.0	70.0	59.0	86.0	56.0	93.0	91.0	59.0	81.0	114.0	82.0	79.0	100.0	83.0	84.0	74.0	83.0	83.0	70.0	79.0	74.0	70.0	86.0	66.0	92.0	69.0	92.0	83.0	71.0	76.0	80.0	73.0	70.0	78.0	86.0	68.0	87.0	66.0	88.0	70.0	88.0	76.0	64.0	80.0	61.0	58.0	66.0	76.0	65.0
2000	163.0	63.0	73.0	57.0	66.0	84.0	62.0	70.0	57.0	66.0	75.0	75.0	95.0	50.0	74.0	84.0	69.0	65.0	77.0	74.0	65.0	88.0	80.0	71.0	101.0	67.0	73.0	89.0	65.0	98.0	59.0	62.0	53.0	93.0	76.0	79.0	93.0	68.0	91.0	68.0	63.0	82.0	68.0	85.0	77.0	85.0	73.0	73.0	69.0	67.0	66.0	60.0	85.0	78.0	82.0	73.0	78.0	71.0	72.0	74.0	46.0	67.0	68.0	81.0	88.0	57.0	64.0	83.0	68.0	82.0	61.0	76.0	108.0	88.0	63.0	58.0	85.0	71.0	118.0	77.0	80.0	72.0	86.0	84.0	72.0	62.0	66.0	73.0	66.0	76.0	79.0	79.0	85.0	72.0	53.0	31.0	73.0	72.0	88.0	54.0	75.0	65.0	76.0	83.0	71.0	73.0	46.0	68.0	81.0	69.0	50.0	81.0	65.0	90.0	76.0	89.0	90.0	73.0	70.0	73.0	79.0	83.0	66.0	80.0	69.0	65.0	50.0	53.0	80.0	82.0	58.0	60.0	57.0	60.0	66.0	80.0	66.0	63.0	52.0	57.0	104.0	57.0	74.0	72.0	51.0	68.0	74.0	74.0	78.0	77.0	87.0	79.0	75.0	81.0	87.0	43.0	89.0	74.0	58.0	51.0	64.0	67.0	70.0	89.0	58.0	65.0	59.0	74.0	69.0	41.0	67.0	88.0	68.0	64.0	66.0	60.0	72.0	61.0	70.0	73.0	61.0	99.0	77.0	71.0	87.0	77.0	75.0	72.0	50.0	77.0	70.0	81.0	63.0	63.0	65.0	64.0	70.0	54.0	73.0	82.0	65.0
4000	5.0	786.0	776.0	772.0	777.0	777.0	804.0	764.0	795.0	764.0	786.0	763.0	772.0	791.0	782.0	763.0	774.0	767.0	806.0	797.0	770.0	775.0	797.0	788.0	788.0	782.0	813.0	779.0	793.0	794.0	759.0	767.0	800.0	782.0	789.0	785.0	785.0	792.0	778.0	771.0	780.0	798.0	783.0	771.0	784.0	797.0	796.0	771.0	782.0	793.0	803.0	782.0	785.0	784.0	773.0	777.0	791.0	787.0	798.0	808.0	768.0	755.0	791.0	785.0	805.0	768.0	784.0	784.0	773.0	796.0	764.0	789.0	791.0	817.0	792.0	800.0	787.0	782.0	779.0	816.0	802.0	793.0	793.0	795.0	781.0	783.0	780.0	802.0	773.0	789.0	786.0	790.0	781.0	762.0	810.0	783.0	792.0	756.0	749.0	788.0	789.0	810.0	775.0	798.0	797.0	786.0	798.0	772.0	814.0	768.0	775.0	793.0	790.0	787.0	779.0	784.0	802.0	797.0	808.0	797.0	756.0	784.0	794.0	822.0	792.0	801.0	812.0	779.0	787.0	789.0	781.0	789.0	792.0	774.0	767.0	797.0	746.0	791.0	796.0	789.0	757.0	792.0	783.0	760.0	807.0	797.0	793.0	799.0	798.0	782.0	771.0	804.0	802.0	776.0	792.0	791.0	784.0	783.0	791.0	792.0	811.0	798.0	777.0	793.0	785.0	791.0	787.0	786.0	763.0	761.0	801.0	798.0	783.0	788.0	798.0	776.0	754.0	772.0	783.0	795.0	789.0	793.0	794.0	795.0	783.0	789.0	765.0	782.0	810.0	763.0	770.0	793.0	775.0	779.0	777.0	763.0	800.0	760.0	802.0	788.0	787.0
4000	7.0	612.0	633.0	584.0	627.0	627.0	579.0	598.0	620.0	623.0	601.0	621.0	619.0	625.0	598.0	605.0	622.0	603.0	613.0	603.0	621.0	591.0	609.0	590.0	610.0	627.0	592.0	599.0	603.0	608.0	596.0	623.0	612.0	612.0	567.0	596.0	604.0	616.0	617.0	589.0	606.0	583.0	608.0	593.0	626.0	603.0	644.0	624.0	623.0	618.0	617.0	608.0	599.0	599.0	619.0	594.0	612.0	595.0	602.0	636.0	619.0	620.0	610.0	621.0	607.0	617.0	612.0	608.0	589.0	610.0	605.0	633.0	596.0	583.0	605.0	608.0	605.0	601.0	611.0	632.0	626.0	616.0	621.0	600.0	638.0	592.0	622.0	617.0	591.0	595.0	573.0	600.0	596.0	620.0	639.0	611.0	584.0	587.0	622.0	593.0	630.0	614.0	628.0	578.0	618.0	604.0	603.0	605.0	607.0	603.0	628.0	600.0	608.0	599.0	614.0	619.0	625.0	596.0	604.0	609.0	608.0	603.0	593.0	622.0	587.0	612.0	601.0	587.0	609.0	590.0	612.0	567.0	616.0	605.0	584.0	584.0	617.0	574.0	590.0	603.0	609.0	630.0	628.0	618.0	596.0	610.0	590.0	604.0	605.0	619.0	598.0	613.0	613.0	607.0	590.0	600.0	590.0	610.0	580.0	632.0	599.0	610.0	613.0	595.0	610.0	626.0	623.0	594.0	610.0	624.0	594.0	584.0	615.0	579.0	611.0	599.0	607.0	633.0	607.0	609.0	628.0	608.0	610.0	600.0	608.0	604.0	630.0	611.0	621.0	609.0	619.0	629.0	608.0	599.0	606.0	600.0	610.0	583.0	598.0	630.0	589.0
4000	10.0	434.0	480.0	470.0	443.0	463.0	443.0	453.0	480.0	448.0	461.0	465.0	459.0	486.0	460.0	444.0	446.0	475.0	468.0	464.0	451.0	485.0	489.0	455.0	477.0	477.0	441.0	489.0	452.0	455.0	448.0	465.0	463.0	467.0	474.0	480.0	462.0	456.0	461.0	458.0	435.0	458.0	468.0	485.0	467.0	445.0	479.0	471.0	480.0	483.0	460.0	467.0	477.0	471.0	487.0	477.0	474.0	472.0	458.0	466.0	506.0	461.0	464.0	473.0	464.0	454.0	478.0	457.0	482.0	472.0	461.0	464.0	431.0	461.0	460.0	470.0	491.0	471.0	482.0	479.0	461.0	483.0	475.0	468.0	457.0	453.0	458.0	454.0	468.0	456.0	466.0	440.0	485.0	478.0	474.0	469.0	470.0	432.0	467.0	497.0	446.0	434.0	467.0	461.0	468.0	470.0	470.0	472.0	483.0	466.0	468.0	478.0	456.0	472.0	475.0	469.0	467.0	446.0	485.0	476.0	484.0	474.0	459.0	455.0	480.0	452.0	485.0	472.0	456.0	467.0	478.0	456.0	472.0	435.0	457.0	460.0	473.0	458.0	464.0	436.0	446.0	463.0	468.0	460.0	471.0	485.0	470.0	482.0	477.0	443.0	444.0	493.0	435.0	483.0	481.0	475.0	471.0	468.0	448.0	484.0	443.0	442.0	482.0	469.0	456.0	486.0	461.0	470.0	464.0	456.0	452.0	474.0	450.0	495.0	499.0	439.0	451.0	455.0	480.0	483.0	441.0	490.0	454.0	474.0	452.0	479.0	456.0	466.0	453.0	440.0	494.0	471.0	490.0	484.0	463.0	461.0	454.0	444.0	460.0	443.0	448.0
4000	15.0	357.0	350.0	336.0	338.0	335.0	350.0	358.0	335.0	379.0	339.0	344.0	339.0	359.0	367.0	339.0	354.0	343.0	360.0	323.0	346.0	350.0	366.0	345.0	355.0	344.0	313.0	336.0	336.0	352.0	332.0	338.0	340.0	334.0	318.0	353.0	378.0	343.0	355.0	353.0	359.0	336.0	324.0	340.0	345.0	340.0	351.0	344.0	333.0	345.0	351.0	328.0	356.0	370.0	337.0	360.0	352.0	333.0	353.0	324.0	353.0	335.0	328.0	338.0	318.0	354.0	354.0	345.0	343.0	346.0	369.0	375.0	335.0	345.0	352.0	321.0	336.0	348.0	357.0	330.0	346.0	358.0	339.0	353.0	328.0	353.0	359.0	339.0	339.0	353.0	326.0	365.0	335.0	342.0	328.0	348.0	337.0	334.0	387.0	349.0	361.0	374.0	332.0	330.0	367.0	365.0	341.0	350.0	333.0	344.0	356.0	356.0	329.0	327.0	359.0	347.0	321.0	342.0	328.0	332.0	352.0	354.0	312.0	362.0	352.0	346.0	346.0	360.0	350.0	321.0	343.0	349.0	381.0	348.0	344.0	343.0	362.0	352.0	329.0	341.0	373.0	335.0	348.0	349.0	341.0	364.0	343.0	335.0	334.0	317.0	338.0	350.0	354.0	341.0	348.0	350.0	326.0	364.0	319.0	370.0	349.0	345.0	332.0	352.0	336.0	368.0	350.0	362.0	352.0	382.0	335.0	377.0	343.0	316.0	334.0	344.0	347.0	350.0	332.0	337.0	352.0	364.0	364.0	326.0	345.0	364.0	338.0	357.0	355.0	335.0	350.0	361.0	351.0	348.0	363.0	346.0	358.0	346.0	376.0	325.0	347.0
4000	22.0	247.0	259.0	295.0	268.0	264.0	251.0	289.0	289.0	283.0	259.0	259.0	243.0	262.0	269.0	280.0	277.0	270.0	239.0	269.0	261.0	265.0	258.0	246.0	248.0	264.0	276.0	267.0	268.0	271.0	270.0	272.0	251.0	257.0	280.0	250.0	299.0	267.0	285.0	282.0	254.0	266.0	276.0	263.0	271.0	267.0	265.0	243.0	242.0	274.0	275.0	273.0	275.0	279.0	282.0	264.0	270.0	285.0	262.0	277.0	303.0	265.0	294.0	270.0	269.0	265.0	280.0	279.0	263.0	264.0	257.0	257.0	253.0	274.0	278.0	266.0	270.0	268.0	273.0	242.0	289.0	272.0	285.0	272.0	267.0	273.0	279.0	266.0	279.0	251.0	294.0	258.0	257.0	255.0	274.0	280.0	255.0	278.0	249.0	266.0	249.0	272.0	272.0	284.0	260.0	264.0	271.0	289.0	277.0	281.0	266.0	269.0	279.0	284.0	280.0	317.0	262.0	262.0	264.0	251.0	284.0	289.0	288.0	275.0	284.0	275.0	270.0	290.0	248.0	271.0	267.0	266.0	274.0	246.0	270.0	303.0	283.0	250.0	257.0	242.0	266.0	272.0	287.0	259.0	261.0	262.0	252.0	273.0	266.0	286.0	282.0	241.0	274.0	267.0	250.0	259.0	289.0	276.0	249.0	247.0	259.0	258.0	264.0	260.0	253.0	265.0	291.0	288.0	278.0	268.0	269.0	251.0	264.0	275.0	257.0	268.0	269.0	250.0	255.0	264.0	280.0	276.0	295.0	272.0	254.0	268.0	256.0	279.0	255.0	265.0	265.0	256.0	272.0	275.0	263.0	251.0	276.0	287.0	288.0	260.0	243.0
4000	33.0	195.0	182.0	216.0	231.0	207.0	218.0	193.0	177.0	221.0	191.0	225.0	181.0	207.0	226.0	202.0	215.0	197.0	230.0	212.0	219.0	211.0	221.0	226.0	190.0	246.0	213.0	235.0	188.0	213.0	194.0	214.0	231.0	213.0	229.0	225.0	217.0	216.0	215.0	193.0	234.0	226.0	208.0	198.0	226.0	191.0	217.0	191.0	219.0	195.0	224.0	229.0	232.0	198.0	203.0	218.0	213.0	222.0	252.0	223.0	203.0	227.0	235.0	215.0	236.0	199.0	241.0	217.0	211.0	239.0	222.0	204.0	228.0	218.0	230.0	195.0	230.0	192.0	218.0	227.0	229.0	220.0	221.0	228.0	232.0	242.0	225.0	219.0	246.0	206.0	184.0	205.0	210.0	211.0	217.0	215.0	233.0	218.0	198.0	218.0	184.0	224.0	196.0	222.0	213.0	187.0	209.0	208.0	238.0	202.0	197.0	203.0	190.0	228.0	212.0	219.0	193.0	185.0	191.0	194.0	201.0	199.0	216.0	210.0	186.0	198.0	243.0	212.0	175.0	197.0	234.0	235.0	233.0	215.0	217.0	205.0	234.0	183.0	214.0	218.0	206.0	172.0	204.0	209.0	204.0	198.0	250.0	226.0	226.0	206.0	213.0	210.0	217.0	208.0	205.0	203.0	243.0	188.0	204.0	193.0	201.0	204.0	190.0	212.0	226.0	207.0	243.0	235.0	212.0	229.0	206.0	212.0	207.0	200.0	259.0	202.0	214.0	219.0	206.0	201.0	206.0	186.0	205.0	211.0	231.0	229.0	222.0	203.0	243.0	229.0	215.0	197.0	225.0	194.0	202.0	204.0	209.0	215.0	234.0	224.0	205.0
4000	49.0	197.0	181.0	173.0	165.0	203.0	180.0	171.0	188.0	161.0	197.0	168.0	163.0	167.0	187.0	207.0	157.0	179.0	194.0	184.0	185.0	185.0	167.0	170.0	166.0	182.0	170.0	175.0	192.0	166.0	218.0	193.0	171.0	201.0	191.0	209.0	174.0	181.0	173.0	210.0	156.0	197.0	227.0	187.0	186.0	171.0	171.0	156.0	197.0	126.0	175.0	173.0	189.0	202.0	189.0	178.0	140.0	186.0	170.0	186.0	165.0	181.0	192.0	221.0	149.0	189.0	170.0	180.0	190.0	193.0	146.0	169.0	181.0	185.0	163.0	198.0	181.0	183.0	198.0	155.0	175.0	203.0	194.0	151.0	168.0	197.0	197.0	198.0	187.0	195.0	163.0	179.0	176.0	223.0	198.0	178.0	217.0	164.0	170.0	159.0	182.0	161.0	170.0	155.0	149.0	190.0	174.0	151.0	170.0	212.0	186.0	200.0	189.0	197.0	151.0	169.0	220.0	194.0	179.0	157.0	171.0	190.0	175.0	172.0	175.0	196.0	200.0	174.0	156.0	194.0	160.0	163.0	177.0	184.0	155.0	194.0	169.0	170.0	189.0	178.0	167.0	168.0	214.0	183.0	153.0	167.0	196.0	181.0	209.0	172.0	209.0	198.0	191.0	178.0	174.0	219.0	173.0	179.0	180.0	194.0	146.0	194.0	174.0	171.0	155.0	192.0	193.0	169.0	186.0	187.0	186.0	163.0	178.0	174.0	207.0	180.0	190.0	203.0	172.0	176.0	199.0	180.0	155.0	188.0	183.0	167.0	190.0	171.0	224.0	157.0	182.0	183.0	170.0	164.0	164.0	176.0	164.0	204.0	148.0	187.0	173.0
4000	73.0	157.0	171.0	187.0	166.0	172.0	182.0	165.0	173.0	155.0	130.0	170.0	160.0	168.0	156.0	171.0	141.0	169.0	178.0	178.0	187.0	133.0	161.0	134.0	164.0	151.0	154.0	175.0	162.0	157.0	168.0	177.0	145.0	168.0	123.0	184.0	142.0	157.0	148.0	193.0	180.0	190.0	148.0	189.0	171.0	185.0	180.0	130.0	158.0	163.0	177.0	134.0	126.0	174.0	167.0	200.0	167.0	133.0	163.0	201.0	147.0	177.0	170.0	183.0	139.0	161.0	173.0	158.0	200.0	147.0	142.0	160.0	192.0	139.0	174.0	153.0	178.0	165.0	176.0	143.0	153.0	172.0	158.0	157.0	180.0	144.0	136.0	163.0	175.0	152.0	175.0	147.0	157.0	190.0	223.0	129.0	154.0	147.0	130.0	148.0	160.0	165.0	159.0	129.0	154.0	188.0	182.0	148.0	183.0	152.0	162.0	179.0	156.0	177.0	161.0	169.0	177.0	163.0	162.0	166.0	166.0	155.0	181.0	167.0	161.0	149.0	161.0	150.0	159.0	141.0	216.0	163.0	164.0	135.0	168.0	171.0	146.0	155.0	153.0	177.0	210.0	158.0	133.0	180.0	177.0	171.0	143.0	181.0	183.0	192.0	174.0	133.0	140.0	156.0	140.0	183.0	181.0	198.0	154.0	187.0	149.0	185.0	175.0	207.0	208.0	172.0	174.0	209.0	158.0	163.0	167.0	186.0	164.0	191.0	154.0	144.0	125.0	137.0	169.0	176.0	194.0	198.0	171.0	129.0	174.0	203.0	171.0	136.0	144.0	145.0	140.0	190.0	153.0	144.0	187.0	169.0	165.0	180.0	166.0	169.0	139.0
4000	109.0	190.0	161.0	150.0	148.0	181.0	158.0	135.0	148.0	149.0	142.0	143.0	128.0	159.0	158.0	129.0	148.0	181.0	140.0	144.0	188.0	170.0	153.0	132.0	139.0	163.0	193.0	157.0	113.0	175.0	141.0	132.0	154.0	145.0	203.0	138.0	161.0	160.0	191.0	135.0	210.0	135.0	185.0	156.0	177.0	127.0	186.0	173.0	153.0	141.0	173.0	137.0	136.0	157.0	144.0	173.0	135.0	136.0	189.0	151.0	169.0	125.0	141.0	152.0	149.0	203.0	147.0	187.0	129.0	147.0	145.0	134.0	151.0	137.0	190.0	173.0	115.0	170.0	143.0	149.0	118.0	179.0	166.0	148.0	161.0	159.0	139.0	150.0	168.0	140.0	192.0	132.0	163.0	134.0	177.0	175.0	182.0	138.0	162.0	140.0	158.0	141.0	156.0	173.0	154.0	120.0	193.0	175.0	170.0	188.0	218.0	183.0	166.0	168.0	191.0	178.0	134.0	110.0	162.0	171.0	141.0	192.0	114.0	143.0	136.0	147.0	169.0	163.0	179.0	147.0	166.0	162.0	126.0	152.0	151.0	162.0	158.0	181.0	151.0	155.0	116.0	178.0	155.0	213.0	153.0	155.0	156.0	171.0	207.0	184.0	117.0	173.0	149.0	139.0	142.0	149.0	150.0	142.0	166.0	161.0	163.0	126.0	153.0	145.0	198.0	181.0	158.0	127.0	170.0	150.0	107.0	159.0	165.0	159.0	190.0	179.0	159.0	159.0	196.0	169.0	150.0	126.0	123.0	210.0	138.0	157.0	121.0	167.0	162.0	189.0	135.0	178.0	145.0	151.0	118.0	132.0	159.0	203.0	195.0	135.0	159.0
4000	163.0	159.0	144.0	121.0	177.0	119.0	155.0	203.0	143.0	193.0	163.0	99.0	111.0	175.0	189.0	159.0	159.0	182.0	124.0	140.0	156.0	138.0	175.0	140.0	204.0	116.0	174.0	92.0	201.0	151.0	174.0	183.0	178.0	129.0	137.0	158.0	164.0	199.0	150.0	125.0	158.0	184.0	145.0	147.0	165.0	128.0	178.0	134.0	134.0	198.0	170.0	167.0	159.0	173.0	152.0	130.0	168.0	157.0	142.0	141.0	133.0	126.0	129.0	132.0	175.0	169.0	144.0	161.0	173.0	196.0	125.0	141.0	181.0	174.0	140.0	141.0	150.0	131.0	137.0	123.0	147.0	158.0	125.0	143.0	173.0	151.0	148.0	209.0	165.0	170.0	185.0	158.0	131.0	183.0	151.0	171.0	122.0	167.0	144.0	148.0	147.0	164.0	193.0	182.0	137.0	174.0	192.0	165.0	172.0	134.0	179.0	152.0	175.0	139.0	170.0	174.0	133.0	135.0	153.0	147.0	113.0	168.0	156.0	106.0	138.0	180.0	157.0	189.0	133.0	133.0	154.0	169.0	112.0	156.0	115.0	161.0	175.0	202.0	129.0	146.0	124.0	119.0	138.0	121.0	186.0	139.0	184.0	149.0	192.0	153.0	157.0	157.0	123.0	150.0	188.0	133.0	139.0	109.0	159.0	130.0	184.0	156.0	175.0	152.0	137.0	183.0	152.0	168.0	194.0	120.0	166.0	128.0	143.0	133.0	136.0	111.0	156.0	182.0	126.0	141.0	160.0	131.0	168.0	134.0	159.0	109.0	114.0	131.0	134.0	141.0	158.0	115.0	125.0	160.0	86.0	183.0	148.0	168.0	110.0	145.0	149.0
8000	5.0	1577.0	1610.0	1574.0	1594.0	1592.0	1607.0	1600.0	1549.0	1592.0	1536.0	1592.0	1521.0	1524.0	1552.0	1608.0	1578.0	1560.0	1607.0	1566.0	1595.0	1585.0	1485.0	1523.0	1566.0	1568.0	1588.0	1562.0	1521.0	1526.0	1535.0	1521.0	1587.0	1575.0	1502.0	1598.0	1539.0	1573.0	1540.0	1569.0	1543.0	1593.0	1579.0	1595.0	1574.0	1585.0	1511.0	1526.0	1571.0	1592.0	1559.0	1592.0	1586.0	1504.0	1573.0	1572.0	1590.0	1529.0	1581.0	1561.0	1592.0	1590.0	1589.0	1594.0	1602.0	1580.0	1607.0	1576.0	1593.0	1560.0	1556.0	1600.0	1578.0	1512.0	1585.0	1559.0	1568.0	1510.0	1590.0	1601.0	1601.0	1578.0	1589.0	1597.0	1584.0	1611.0	1577.0	1584.0	1594.0	1574.0	1579.0	1559.0	1586.0	1577.0	1564.0	1571.0	1588.0	1580.0	1573.0	1580.0	1590.0	1518.0	1540.0	1557.0	1609.0	1578.0	1510.0	1574.0	1491.0	1471.0	1557.0	1582.0	1542.0	1600.0	1592.0	1557.0	1602.0	1584.0	1592.0	1562.0	1567.0	1599.0	1574.0	1582.0	1587.0	1558.0	1570.0	1510.0	1551.0	1573.0	1613.0	1531.0	1573.0	1586.0	1585.0	1576.0	1594.0	1583.0	1596.0	1510.0	1564.0	1574.0	1555.0	1578.0	1591.0	1588.0	1603.0	1587.0	1514.0	1569.0	1586.0	1572.0	1547.0	1584.0	1623.0	1573.0	1587.0	1601.0	1583.0	1567.0	1587.0	1562.0	1585.0	1567.0	1594.0	1590.0	1528.0	1608.0	1550.0	1517.0	1600.0	1585.0	1522.0	1603.0	1606.0	1571.0	1543.0	1542.0	1578.0	1578.0	1580.0	1581.0	1569.0	1550.0	1593.0	1550.0	1588.0	1588.0	1579.0	1563.0	1521.0	1604.0	1574.0	1562.0	1591.0	1581.0	1570.0	1576.0	1524.0	1581.0	1576.0
8000	7.0	1266.0	1195.0	1214.0	1215.0	1199.0	1242.0	1240.0	1210.0	1252.0	1171.0	1232.0	1198.0	1200.0	1263.0	1239.0	1168.0	1254.0	1226.0	1225.0	1235.0	1203.0	1177.0	1232.0	1234.0	1232.0	1212.0	1228.0	1152.0	1258.0	1170.0	1234.0	1181.0	1215.0	1147.0	1218.0	1238.0	1236.0	1178.0	1195.0	1223.0	1230.0	1255.0	1259.0	1228.0	1255.0	1231.0	1214.0	1177.0	1226.0	1196.0	1236.0	1179.0	1244.0	1211.0	1169.0	1252.0	1189.0	1253.0	1243.0	1245.0	1227.0	1187.0	1182.0	1210.0	1260.0	1187.0	1196.0	1178.0	1220.0	1173.0	1190.0	1228.0	1199.0	1180.0	1219.0	1220.0	1239.0	1204.0	1232.0	1150.0	1209.0	1194.0	1198.0	1189.0	1196.0	1251.0	1181.0	1245.0	1258.0	1184.0	1205.0	1219.0	1197.0	1244.0	1240.0	1218.0	1262.0	1246.0	1233.0	1219.0	1251.0	1212.0	1249.0	1215.0	1246.0	1185.0	1239.0	1246.0	1224.0	1244.0	1222.0	1222.0	1201.0	1222.0	1247.0	1210.0	1261.0	1243.0	1231.0	1227.0	1200.0	1169.0	1222.0	1223.0	1192.0	1236.0	1212.0	1192.0	1185.0	1196.0	1220.0	1208.0	1159.0	1242.0	1223.0	1244.0	1259.0	1246.0	1253.0	1212.0	1221.0	1216.0	1256.0	1194.0	1239.0	1208.0	1221.0	1170.0	1233.0	1243.0	1163.0	1248.0	1200.0	1225.0	1256.0	1184.0	1240.0	1211.0	1225.0	1256.0	1213.0	1196.0	1232.0	1197.0	1221.0	1188.0	1170.0	1238.0	1195.0	1220.0	1203.0	1216.0	1201.0	1176.0	1243.0	1151.0	1233.0	1231.0	1190.0	1196.0	1199.0	1205.0	1224.0	1184.0	1235.0	1168.0	1182.0	1258.0	1239.0	1182.0	1232.0	1203.0	1242.0	1232.0	1233.0	1181.0	1234.0	1191.0	1210.0	1215.0
8000	10.0	933.0	958.0	977.0	907.0	909.0	919.0	935.0	919.0	948.0	920.0	980.0	940.0	935.0	909.0	915.0	929.0	932.0	862.0	894.0	925.0	912.0	900.0	939.0	914.0	971.0	879.0	874.0	924.0	907.0	982.0	973.0	920.0	903.0	972.0	918.0	890.0	981.0	890.0	929.0	938.0	896.0	973.0	931.0	934.0	953.0	913.0	947.0	916.0	942.0	942.0	908.0	878.0	900.0	904.0	914.0	947.0	951.0	939.0	946.0	891.0	921.0	932.0	906.0	932.0	902.0	897.0	961.0	943.0	880.0	934.0	939.0	952.0	956.0	900.0	930.0	895.0	893.0	947.0	950.0	932.0	945.0	931.0	926.0	876.0	871.0	913.0	930.0	934.0	956.0	943.0	964.0	916.0	916.0	961.0	937.0	963.0	952.0	910.0	924.0	921.0	963.0	968.0	919.0	885.0	913.0	912.0	930.0	920.0	942.0	897.0	933.0	936.0	952.0	953.0	944.0	917.0	948.0	952.0	979.0	974.0	899.0	976.0	922.0	908.0	912.0	914.0	916.0	958.0	946.0	939.0	872.0	935.0	890.0	944.0	910.0	886.0	930.0	956.0	906.0	904.0	938.0	933.0	926.0	913.0	936.0	940.0	937.0	936.0	897.0	947.0	965.0	913.0	939.0	953.0	926.0	946.0	909.0	955.0	935.0	921.0	898.0	933.0	951.0	918.0	947.0	936.0	953.0	945.0	943.0	925.0	943.0	899.0	939.0	948.0	952.0	888.0	955.0	940.0	946.0	940.0	913.0	911.0	947.0	939.0	908.0	971.0	917.0	930.0	933.0	932.0	909.0	899.0	961.0	961.0	973.0	958.0	922.0	927.0	932.0	934.0
8000	15.0	712.0	680.0	695.0	693.0	744.0	713.0	720.0	696.0	670.0	630.0	668.0	648.0	705.0	639.0	685.0	668.0	681.0	720.0	631.0	731.0	697.0	707.0	737.0	732.0	659.0	727.0	697.0	655.0	646.0	695.0	685.0	642.0	694.0	668.0	709.0	665.0	688.0	700.0	724.0	688.0	671.0	706.0	687.0	698.0	722.0	748.0	665.0	739.0	679.0	643.0	725.0	695.0	719.0	693.0	672.0	697.0	674.0	701.0	680.0	723.0	669.0	703.0	702.0	678.0	700.0	672.0	700.0	663.0	697.0	685.0	690.0	692.0	709.0	714.0	684.0	668.0	706.0	713.0	704.0	717.0	695.0	673.0	697.0	669.0	699.0	721.0	723.0	675.0	736.0	711.0	695.0	664.0	685.0	668.0	702.0	718.0	689.0	738.0	730.0	684.0	696.0	701.0	660.0	684.0	643.0	709.0	702.0	706.0	667.0	719.0	687.0	713.0	721.0	677.0	709.0	704.0	659.0	722.0	742.0	680.0	703.0	701.0	718.0	725.0	677.0	668.0	713.0	658.0	686.0	695.0	626.0	644.0	689.0	728.0	726.0	690.0	703.0	714.0	698.0	661.0	681.0	692.0	695.0	650.0	695.0	707.0	684.0	666.0	707.0	720.0	692.0	705.0	655.0	666.0	697.0	680.0	721.0	684.0	728.0	711.0	647.0	702.0	683.0	623.0	741.0	652.0	694.0	740.0	710.0	670.0	681.0	731.0	669.0	720.0	685.0	694.0	711.0	715.0	666.0	765.0	676.0	717.0	728.0	629.0	686.0	639.0	678.0	690.0	717.0	716.0	684.0	686.0	712.0	692.0	685.0	744.0	670.0	703.0	706.0	717.0
8000	22.0	527.0	522.0	531.0	500.0	538.0	522.0	566.0	536.0	546.0	577.0	571.0	501.0	567.0	496.0	509.0	501.0	555.0	490.0	591.0	577.0	542.0	559.0	537.0	590.0	574.0	507.0	489.0	540.0	564.0	538.0	535.0	541.0	566.0	539.0	499.0	539.0	549.0	528.0	568.0	496.0	483.0	527.0	524.0	564.0	486.0	520.0	547.0	516.0	530.0	549.0	571.0	540.0	520.0	556.0	498.0	512.0	565.0	566.0	549.0	526.0	536.0	525.0	577.0	516.0	509.0	505.0	501.0	548.0	550.0	487.0	531.0	536.0	545.0	508.0	539.0	508.0	564.0	543.0	569.0	517.0	553.0	557.0	496.0	532.0	547.0	523.0	560.0	586.0	566.0	529.0	535.0	518.0	555.0	522.0	534.0	586.0	546.0	542.0	504.0	557.0	551.0	545.0	542.0	552.0	529.0	533.0	498.0	583.0	514.0	523.0	570.0	521.0	534.0	579.0	508.0	554.0	532.0	486.0	596.0	546.0	553.0	537.0	502.0	563.0	567.0	582.0	506.0	529.0	514.0	559.0	520.0	553.0	528.0	539.0	555.0	533.0	535.0	536.0	485.0	544.0	550.0	520.0	521.0	521.0	550.0	559.0	495.0	537.0	563.0	529.0	565.0	567.0	538.0	540.0	523.0	540.0	526.0	520.0	562.0	526.0	527.0	509.0	528.0	554.0	531.0	521.0	553.0	562.0	515.0	529.0	585.0	500.0	511.0	552.0	524.0	529.0	570.0	565.0	543.0	489.0	536.0	532.0	590.0	551.0	532.0	512.0	557.0	528.0	500.0	560.0	540.0	563.0	573.0	573.0	548.0	525.0	565.0	542.0	561.0	528.0
8000	33.0	453.0	428.0	438.0	418.0	442.0	439.0	423.0	431.0	428.0	417.0	402.0	423.0	422.0	425.0	420.0	396.0	427.0	436.0	425.0	400.0	433.0	366.0	425.0	423.0	411.0	505.0	470.0	468.0	397.0	502.0	444.0	441.0	450.0	409.0	379.0	461.0	458.0	397.0	445.0	445.0	478.0	384.0	383.0	421.0	416.0	445.0	447.0	410.0	435.0	457.0	452.0	447.0	433.0	411.0	373.0	449.0	404.0	433.0	490.0	396.0	402.0	428.0	469.0	468.0	414.0	404.0	443.0	465.0	419.0	431.0	472.0	436.0	508.0	422.0	458.0	414.0	417.0	365.0	481.0	407.0	455.0	441.0	423.0	437.0	425.0	408.0	431.0	433.0	427.0	423.0	395.0	357.0	458.0	431.0	424.0	405.0	508.0	384.0	452.0	456.0	399.0	405.0	479.0	507.0	473.0	449.0	418.0	479.0	428.0	421.0	406.0	465.0	451.0	402.0	485.0	468.0	421.0	453.0	456.0	416.0	412.0	448.0	399.0	451.0	477.0	405.0	447.0	426.0	416.0	430.0	471.0	452.0	436.0	406.0	386.0	444.0	437.0	429.0	414.0	370.0	411.0	400.0	381.0	448.0	418.0	445.0	450.0	406.0	485.0	476.0	399.0	392.0	465.0	440.0	464.0	395.0	457.0	417.0	486.0	453.0	433.0	403.0	406.0	377.0	451.0	476.0	392.0	453.0	469.0	409.0	475.0	465.0	394.0	423.0	421.0	450.0	412.0	376.0	431.0	415.0	460.0	440.0	448.0	412.0	404.0	424.0	445.0	417.0	441.0	384.0	457.0	435.0	483.0	421.0	435.0	413.0	385.0	419.0	399.0	451.0
8000	49.0	322.0	342.0	370.0	388.0	339.0	331.0	353.0	336.0	362.0	355.0	309.0	373.0	302.0	345.0	349.0	372.0	376.0	388.0	438.0	410.0	362.0	345.0	342.0	392.0	354.0	348.0	386.0	377.0	383.0	337.0	353.0	366.0	356.0	350.0	330.0	410.0	334.0	389.0	404.0	399.0	323.0	327.0	363.0	340.0	398.0	342.0	357.0	339.0	374.0	296.0	336.0	361.0	317.0	341.0	343.0	339.0	366.0	390.0	413.0	343.0	346.0	347.0	384.0	427.0	354.0	337.0	453.0	393.0	428.0	385.0	353.0	398.0	393.0	328.0	393.0	308.0	372.0	384.0	376.0	326.0	358.0	423.0	355.0	325.0	379.0	335.0	384.0	332.0	334.0	424.0	352.0	325.0	413.0	348.0	410.0	326.0	329.0	356.0	402.0	378.0	332.0	343.0	314.0	343.0	375.0	368.0	403.0	421.0	346.0	376.0	290.0	356.0	378.0	349.0	366.0	372.0	349.0	394.0	319.0	380.0	401.0	380.0	325.0	348.0	422.0	344.0	356.0	324.0	372.0	335.0	403.0	375.0	350.0	360.0	353.0	395.0	407.0	339.0	369.0	396.0	380.0	373.0	357.0	444.0	355.0	404.0	315.0	320.0	358.0	307.0	395.0	402.0	350.0	352.0	426.0	371.0	349.0	369.0	438.0	359.0	385.0	350.0	360.0	376.0	433.0	414.0	313.0	338.0	343.0	322.0	332.0	374.0	416.0	396.0	387.0	361.0	377.0	394.0	327.0	398.0	337.0	396.0	354.0	334.0	327.0	361.0	369.0	339.0	393.0	458.0	462.0	427.0	384.0	356.0	412.0	431.0	345.0	364.0	359.0	403.0
8000	73.0	305.0	363.0	313.0	328.0	411.0	348.0	351.0	292.0	268.0	267.0	252.0	273.0	289.0	264.0	367.0	339.0	288.0	344.0	343.0	329.0	310.0	276.0	411.0	390.0	360.0	376.0	325.0	300.0	330.0	309.0	407.0	328.0	337.0	350.0	335.0	345.0	252.0	303.0	314.0	325.0	346.0	329.0	341.0	319.0	388.0	359.0	401.0	327.0	372.0	358.0	372.0	326.0	360.0	327.0	318.0	282.0	327.0	294.0	352.0	278.0	278.0	314.0	289.0	353.0	385.0	379.0	311.0	360.0	346.0	422.0	351.0	279.0	332.0	316.0	333.0	316.0	292.0	350.0	271.0	356.0	279.0	271.0	330.0	325.0	357.0	358.0	359.0	362.0	350.0	252.0	272.0	362.0	314.0	361.0	308.0	334.0	348.0	270.0	346.0	327.0	341.0	297.0	311.0	350.0	346.0	319.0	287.0	349.0	293.0	301.0	319.0	350.0	296.0	330.0	266.0	344.0	374.0	272.0	334.0	328.0	364.0	355.0	313.0	284.0	347.0	330.0	368.0	301.0	395.0	338.0	317.0	320.0	309.0	322.0	297.0	341.0	357.0	298.0	346.0	324.0	336.0	301.0	339.0	373.0	333.0	308.0	323.0	380.0	343.0	311.0	346.0	329.0	280.0	327.0	308.0	308.0	388.0	310.0	342.0	306.0	434.0	311.0	313.0	350.0	286.0	355.0	355.0	265.0	282.0	279.0	374.0	345.0	320.0	288.0	351.0	299.0	358.0	351.0	302.0	326.0	342.0	243.0	298.0	401.0	308.0	323.0	333.0	298.0	318.0	305.0	319.0	314.0	349.0	369.0	258.0	339.0	331.0	370.0	331.0	323.0
8000	109.0	310.0	310.0	261.0	325.0	266.0	312.0	336.0	347.0	355.0	247.0	261.0	276.0	298.0	384.0	290.0	242.0	374.0	365.0	282.0	373.0	286.0	260.0	316.0	321.0	348.0	338.0	309.0	327.0	311.0	284.0	345.0	309.0	306.0	370.0	301.0	304.0	382.0	306.0	340.0	318.0	300.0	404.0	346.0	282.0	387.0	272.0	311.0	270.0	277.0	305.0	270.0	308.0	249.0	357.0	355.0	384.0	296.0	243.0	298.0	326.0	369.0	280.0	273.0	250.0	303.0	204.0	288.0	351.0	310.0	254.0	251.0	295.0	312.0	291.0	351.0	297.0	352.0	270.0	277.0	286.0	299.0	315.0	259.0	262.0	351.0	368.0	265.0	303.0	278.0	278.0	283.0	302.0	348.0	364.0	336.0	326.0	369.0	311.0	258.0	308.0	354.0	307.0	239.0	267.0	390.0	260.0	331.0	366.0	346.0	300.0	289.0	302.0	298.0	292.0	376.0	269.0	294.0	332.0	283.0	293.0	298.0	283.0	285.0	416.0	361.0	373.0	278.0	296.0	338.0	324.0	305.0	255.0	339.0	310.0	322.0	272.0	330.0	312.0	270.0	330.0	258.0	324.0	300.0	344.0	319.0	355.0	247.0	306.0	319.0	446.0	312.0	344.0	313.0	263.0	248.0	280.0	344.0	339.0	258.0	350.0	333.0	280.0	301.0	264.0	343.0	286.0	384.0	403.0	371.0	336.0	329.0	273.0	328.0	289.0	313.0	231.0	298.0	339.0	295.0	321.0	295.0	314.0	282.0	306.0	274.0	281.0	394.0	303.0	239.0	261.0	276.0	287.0	379.0	290.0	329.0	273.0	294.0	310.0	375.0	316.0
8000	163.0	346.0	349.0	376.0	223.0	305.0	308.0	263.0	219.0	337.0	337.0	233.0	311.0	245.0	301.0	321.0	291.0	288.0	319.0	347.0	305.0	251.0	301.0	385.0	222.0	312.0	269.0	430.0	239.0	308.0	308.0	309.0	344.0	276.0	302.0	308.0	375.0	335.0	270.0	260.0	241.0	347.0	312.0	342.0	322.0	345.0	407.0	275.0	323.0	316.0	278.0	273.0	338.0	277.0	365.0	300.0	340.0	308.0	373.0	256.0	298.0	207.0	293.0	288.0	258.0	318.0	358.0	360.0	410.0	334.0	272.0	315.0	304.0	236.0	339.0	256.0	289.0	304.0	384.0	255.0	351.0	381.0	238.0	294.0	329.0	318.0	333.0	309.0	296.0	479.0	301.0	321.0	297.0	366.0	360.0	341.0	294.0	348.0	243.0	346.0	243.0	304.0	306.0	288.0	313.0	282.0	433.0	259.0	333.0	366.0	293.0	264.0	312.0	311.0	307.0	327.0	292.0	302.0	304.0	271.0	282.0	384.0	284.0	292.0	309.0	353.0	409.0	232.0	328.0	247.0	362.0	304.0	301.0	272.0	309.0	267.0	311.0	354.0	262.0	322.0	296.0	267.0	257.0	258.0	317.0	283.0	290.0	370.0	341.0	367.0	280.0	347.0	323.0	313.0	243.0	343.0	275.0	212.0	333.0	304.0	329.0	326.0	371.0	308.0	302.0	381.0	330.0	348.0	338.0	347.0	336.0	338.0	281.0	262.0	346.0	245.0	348.0	332.0	254.0	295.0	278.0	381.0	304.0	328.0	305.0	254.0	269.0	373.0	283.0	254.0	260.0	353.0	278.0	315.0	327.0	304.0	271.0	431.0	314.0	245.0	330.0
16000	5.0	3174.0	3195.0	3170.0	3099.0	3116.0	3186.0	3161.0	3155.0	3158.0	3148.0	3148.0	3006.0	3150.0	3019.0	3162.0	3152.0	3154.0	3008.0	3173.0	3072.0	3134.0	3163.0	3198.0	3153.0	3156.0	3154.0	3168.0	3145.0	3151.0	3154.0	3168.0	3194.0	3145.0	3148.0	3171.0	3063.0	3158.0	3129.0	3178.0	3152.0	3112.0	3125.0	3097.0	3159.0	3155.0	3024.0	3182.0	3141.0	3119.0	3038.0	3048.0	3191.0	3193.0	3184.0	3080.0	3155.0	3135.0	3155.0	3159.0	3150.0	3048.0	3177.0	3113.0	3180.0	3037.0	3180.0	3185.0	3165.0	3144.0	3176.0	3130.0	3168.0	3154.0	3151.0	3127.0	3071.0	3207.0	3179.0	3138.0	3095.0	3105.0	3188.0	3137.0	3043.0	3168.0	3191.0	3195.0	3116.0	3186.0	2985.0	3198.0	3054.0	3188.0	3043.0	3181.0	3147.0	3156.0	3094.0	3158.0	3176.0	3091.0	3161.0	3147.0	3182.0	3126.0	3137.0	3053.0	3164.0	3139.0	3126.0	3072.0	3182.0	3148.0	3138.0	3173.0	3174.0	3086.0	3178.0	3164.0	3177.0	3146.0	3037.0	2979.0	3009.0	3190.0	3154.0	3189.0	3149.0	3135.0	3036.0	3149.0	3016.0	3066.0	3178.0	3124.0	3035.0	3163.0	3161.0	3085.0	3019.0	3156.0	3162.0	3168.0	3181.0	3173.0	3056.0	3166.0	3158.0	3168.0	3157.0	3130.0	3178.0	2984.0	3177.0	3087.0	3144.0	3161.0	3164.0	3140.0	3070.0	3071.0	3141.0	3198.0	3181.0	3145.0	3021.0	3148.0	3184.0	3040.0	2942.0	3173.0	3176.0	3034.0	3115.0	3146.0	3149.0	3156.0	3042.0	3182.0	2957.0	3044.0	3134.0	3042.0	3142.0	3140.0	3152.0	3101.0	3049.0	3087.0	3129.0	3113.0	3105.0	3034.0	3131.0	3143.0	3174.0	3043.0	3161.0	3099.0	3169.0
16000	7.0	2453.0	2329.0	2482.0	2464.0	2444.0	2457.0	2413.0	2450.0	2483.0	2453.0	2508.0	2456.0	2380.0	2487.0	2459.0	2339.0	2451.0	2343.0	2461.0	2472.0	2521.0	2327.0	2448.0	2443.0	2347.0	2391.0	2397.0	2358.0	2372.0	2477.0	2364.0	2404.0	2477.0	2405.0	2324.0	2452.0	2439.0	2474.0	2364.0	2464.0	2293.0	2319.0	2475.0	2452.0	2479.0	2373.0	2394.0	2395.0	2424.0	2454.0	2496.0	2483.0	2401.0	2371.0	2354.0	2462.0	2500.0	2500.0	2497.0	2478.0	2399.0	2437.0	2294.0	2382.0	2472.0	2507.0	2390.0	2413.0	2482.0	2433.0	2492.0	2350.0	2434.0	2433.0	2463.0	2470.0	2376.0	2388.0	2402.0	2385.0	2301.0	2461.0	2454.0	2442.0	2448.0	2488.0	2492.0	2335.0	2450.0	2355.0	2376.0	2492.0	2333.0	2476.0	2306.0	2323.0	2362.0	2366.0	2362.0	2457.0	2393.0	2408.0	2500.0	2341.0	2446.0	2356.0	2451.0	2417.0	2380.0	2469.0	2490.0	2428.0	2436.0	2468.0	2316.0	2351.0	2461.0	2488.0	2405.0	2405.0	2416.0	2479.0	2393.0	2342.0	2440.0	2495.0	2500.0	2465.0	2374.0	2458.0	2420.0	2392.0	2448.0	2328.0	2462.0	2466.0	2483.0	2371.0	2395.0	2456.0	2445.0	2458.0	2475.0	2397.0	2467.0	2403.0	2431.0	2494.0	2429.0	2330.0	2393.0	2459.0	2471.0	2397.0	2426.0	2473.0	2461.0	2473.0	2401.0	2338.0	2473.0	2456.0	2390.0	2420.0	2391.0	2420.0	2386.0	2468.0	2414.0	2462.0	2488.0	2513.0	2404.0	2468.0	2258.0	2387.0	2352.0	2396.0	2485.0	2469.0	2470.0	2475.0	2473.0	2455.0	2370.0	2458.0	2460.0	2339.0	2365.0	2466.0	2376.0	2410.0	2482.0	2446.0	2479.0	2440.0	2479.0	2334.0	2431.0	2489.0
16000	10.0	1920.0	1876.0	1819.0	1865.0	1872.0	1879.0	1895.0	1830.0	1899.0	1898.0	1907.0	1747.0	1812.0	1874.0	1877.0	1889.0	1890.0	1849.0	1873.0	1909.0	1824.0	1815.0	1943.0	1885.0	1844.0	1894.0	1946.0	1810.0	1834.0	1864.0	1855.0	1848.0	1800.0	1860.0	1866.0	1860.0	1927.0	1896.0	1841.0	1877.0	1830.0	1851.0	1765.0	1825.0	1897.0	1882.0	1861.0	1805.0	1836.0	1843.0	1808.0	1918.0	1786.0	1838.0	1843.0	1857.0	1869.0	1826.0	1852.0	1751.0	1951.0	1963.0	1925.0	1911.0	1906.0	1878.0	1798.0	1943.0	1939.0	1875.0	1853.0	1894.0	1766.0	1921.0	1801.0	1842.0	1832.0	1781.0	1808.0	1831.0	1807.0	1876.0	1916.0	1825.0	1871.0	1802.0	1865.0	1917.0	1912.0	1795.0	1931.0	1877.0	1916.0	1923.0	1806.0	1830.0	1848.0	1833.0	1909.0	1871.0	1828.0	1874.0	1937.0	1888.0	1871.0	1850.0	1804.0	1816.0	1870.0	1798.0	1843.0	1862.0	1898.0	1899.0	1792.0	1864.0	1856.0	1802.0	1834.0	1757.0	1927.0	1932.0	1889.0	1820.0	1875.0	1791.0	1888.0	1950.0	1831.0	1828.0	1849.0	1912.0	1936.0	1874.0	1914.0	1804.0	1819.0	1943.0	1806.0	1809.0	1749.0	1892.0	1905.0	1780.0	1801.0	1913.0	1916.0	1866.0	1873.0	1941.0	1861.0	1825.0	1860.0	1764.0	1768.0	1880.0	1907.0	1806.0	1891.0	1833.0	1922.0	1928.0	1893.0	1922.0	1922.0	1980.0	1794.0	1912.0	1923.0	1868.0	1912.0	1858.0	1891.0	1865.0	1841.0	1883.0	1843.0	1888.0	1923.0	1838.0	1907.0	1808.0	1919.0	1787.0	1870.0	1891.0	1889.0	1829.0	1917.0	1834.0	1930.0	1783.0	1801.0	1775.0	1787.0	1873.0	1883.0	1867.0	1848.0	1916.0
16000	15.0	1436.0	1378.0	1431.0	1386.0	1402.0	1297.0	1405.0	1334.0	1464.0	1355.0	1436.0	1304.0	1394.0	1312.0	1435.0	1384.0	1384.0	1365.0	1375.0	1374.0	1347.0	1365.0	1421.0	1335.0	1400.0	1419.0	1293.0	1422.0	1403.0	1325.0	1418.0	1420.0	1417.0	1370.0	1408.0	1403.0	1376.0	1269.0	1340.0	1341.0	1396.0	1449.0	1419.0	1412.0	1322.0	1404.0	1358.0	1385.0	1397.0	1382.0	1451.0	1359.0	1466.0	1384.0	1389.0	1484.0	1476.0	1419.0	1378.0	1369.0	1339.0	1471.0	1419.0	1377.0	1392.0	1380.0	1401.0	1493.0	1431.0	1378.0	1439.0	1364.0	1355.0	1324.0	1345.0	1413.0	1500.0	1392.0	1404.0	1404.0	1324.0	1474.0	1441.0	1369.0	1440.0	1463.0	1382.0	1436.0	1387.0	1454.0	1467.0	1426.0	1386.0	1379.0	1411.0	1360.0	1354.0	1358.0	1351.0	1403.0	1355.0	1432.0	1371.0	1335.0	1336.0	1416.0	1441.0	1401.0	1373.0	1301.0	1303.0	1386.0	1398.0	1463.0	1472.0	1408.0	1434.0	1394.0	1336.0	1340.0	1399.0	1378.0	1389.0	1418.0	1404.0	1264.0	1428.0	1416.0	1352.0	1387.0	1359.0	1305.0	1432.0	1427.0	1420.0	1356.0	1378.0	1348.0	1417.0	1416.0	1378.0	1388.0	1396.0	1349.0	1402.0	1387.0	1376.0	1334.0	1355.0	1323.0	1316.0	1391.0	1422.0	1330.0	1356.0	1412.0	1386.0	1464.0	1392.0	1371.0	1369.0	1395.0	1466.0	1397.0	1322.0	1404.0	1342.0	1412.0	1341.0	1381.0	1366.0	1389.0	1409.0	1358.0	1350.0	1400.0	1390.0	1377.0	1397.0	1435.0	1404.0	1431.0	1340.0	1433.0	1427.0	1366.0	1369.0	1392.0	1304.0	1382.0	1360.0	1435.0	1373.0	1426.0	1339.0	1422.0	1400.0	1376.0	1424.0	1374.0
16000	22.0	1130.0	1113.0	1104.0	1028.0	1064.0	1097.0	1105.0	1031.0	1071.0	1108.0	1115.0	1115.0	1096.0	1053.0	1071.0	1088.0	1049.0	1087.0	1070.0	1084.0	1051.0	1052.0	1096.0	1085.0	1123.0	1121.0	1020.0	1003.0	1076.0	1062.0	1001.0	1067.0	1073.0	993.0	1080.0	1094.0	1072.0	1113.0	1146.0	1017.0	1059.0	980.0	1081.0	974.0	1082.0	1075.0	1149.0	1084.0	1055.0	1093.0	1071.0	1015.0	1060.0	1069.0	1118.0	1131.0	992.0	1109.0	1094.0	1129.0	1089.0	1042.0	1133.0	1032.0	1185.0	1010.0	1114.0	1092.0	1022.0	1163.0	1137.0	1062.0	1082.0	1073.0	1042.0	1092.0	1057.0	1092.0	1014.0	1115.0	1113.0	1087.0	1110.0	1091.0	1103.0	1063.0	1057.0	1090.0	1079.0	1086.0	1023.0	1109.0	1016.0	1088.0	1020.0	1105.0	1080.0	1153.0	1078.0	1051.0	1130.0	1050.0	1067.0	1029.0	1075.0	1157.0	1063.0	1137.0	1062.0	1218.0	1026.0	1084.0	1078.0	1075.0	1083.0	1008.0	1123.0	1060.0	1114.0	1095.0	1090.0	1100.0	1118.0	1022.0	1058.0	1093.0	1130.0	988.0	1163.0	1029.0	1097.0	1075.0	1090.0	1052.0	1119.0	1086.0	1118.0	1172.0	1115.0	1065.0	1205.0	1027.0	1085.0	1059.0	1072.0	1078.0	1141.0	1091.0	1035.0	1016.0	1058.0	1084.0	1076.0	1119.0	1090.0	1061.0	1073.0	1054.0	1021.0	1103.0	1152.0	1090.0	1033.0	1036.0	1166.0	1051.0	1083.0	1078.0	1120.0	1146.0	1115.0	1153.0	1073.0	1154.0	1055.0	1002.0	1055.0	1069.0	1099.0	1107.0	1110.0	1121.0	1071.0	1071.0	1117.0	1042.0	1045.0	985.0	1087.0	1044.0	970.0	1040.0	1098.0	1068.0	977.0	1112.0	1211.0	1084.0	1144.0	1044.0
16000	33.0	839.0	924.0	844.0	895.0	876.0	900.0	901.0	1017.0	821.0	848.0	934.0	1043.0	863.0	850.0	813.0	928.0	792.0	899.0	856.0	860.0	789.0	897.0	794.0	808.0	900.0	920.0	934.0	919.0	744.0	870.0	1018.0	841.0	836.0	874.0	856.0	791.0	870.0	889.0	888.0	871.0	790.0	866.0	809.0	854.0	821.0	828.0	930.0	830.0	903.0	898.0	844.0	852.0	791.0	898.0	855.0	840.0	927.0	882.0	863.0	875.0	944.0	819.0	827.0	900.0	893.0	878.0	841.0	800.0	847.0	892.0	889.0	986.0	906.0	915.0	789.0	840.0	916.0	857.0	909.0	801.0	866.0	864.0	851.0	889.0	813.0	865.0	846.0	755.0	920.0	840.0	839.0	873.0	819.0	792.0	807.0	962.0	848.0	805.0	817.0	888.0	836.0	982.0	952.0	894.0	796.0	914.0	942.0	868.0	915.0	963.0	850.0	849.0	854.0	863.0	823.0	824.0	791.0	837.0	847.0	912.0	872.0	821.0	779.0	856.0	936.0	849.0	913.0	870.0	884.0	824.0	748.0	839.0	899.0	851.0	826.0	941.0	863.0	820.0	978.0	812.0	796.0	765.0	859.0	851.0	763.0	893.0	892.0	854.0	873.0	794.0	833.0	873.0	879.0	912.0	896.0	853.0	918.0	830.0	867.0	810.0	787.0	857.0	812.0	946.0	865.0	829.0	900.0	903.0	797.0	821.0	953.0	895.0	913.0	875.0	938.0	861.0	788.0	769.0	919.0	856.0	843.0	831.0	832.0	847.0	866.0	802.0	838.0	815.0	788.0	748.0	780.0	893.0	842.0	864.0	879.0	888.0	901.0	798.0	817.0	866.0
16000	49.0	865.0	710.0	931.0	681.0	828.0	711.0	763.0	657.0	692.0	704.0	777.0	793.0	704.0	650.0	794.0	720.0	775.0	712.0	694.0	653.0	813.0	696.0	768.0	681.0	776.0	748.0	697.0	787.0	592.0	656.0	803.0	794.0	786.0	770.0	666.0	785.0	739.0	733.0	777.0	710.0	759.0	745.0	712.0	681.0	769.0	725.0	743.0	696.0	770.0	593.0	685.0	820.0	690.0	733.0	760.0	780.0	767.0	645.0	728.0	754.0	674.0	800.0	707.0	709.0	763.0	799.0	724.0	689.0	704.0	610.0	709.0	770.0	729.0	795.0	804.0	696.0	607.0	684.0	780.0	717.0	790.0	703.0	672.0	689.0	677.0	743.0	622.0	749.0	721.0	702.0	832.0	754.0	635.0	681.0	653.0	654.0	702.0	826.0	710.0	690.0	797.0	653.0	704.0	758.0	733.0	784.0	683.0	693.0	739.0	748.0	853.0	698.0	710.0	775.0	761.0	768.0	742.0	776.0	580.0	784.0	599.0	841.0	694.0	710.0	730.0	725.0	746.0	764.0	808.0	785.0	820.0	734.0	833.0	821.0	665.0	704.0	748.0	654.0	779.0	693.0	711.0	791.0	876.0	691.0	766.0	772.0	751.0	781.0	755.0	722.0	768.0	701.0	744.0	606.0	784.0	655.0	780.0	733.0	712.0	754.0	660.0	766.0	707.0	742.0	774.0	781.0	781.0	815.0	773.0	786.0	619.0	914.0	667.0	699.0	707.0	634.0	707.0	723.0	742.0	805.0	766.0	773.0	822.0	611.0	786.0	782.0	768.0	820.0	820.0	832.0	661.0	702.0	757.0	715.0	736.0	646.0	677.0	830.0	690.0	760.0
16000	73.0	585.0	755.0	740.0	642.0	669.0	651.0	608.0	654.0	608.0	644.0	587.0	773.0	609.0	668.0	641.0	544.0	580.0	642.0	618.0	606.0	656.0	729.0	569.0	686.0	646.0	540.0	597.0	613.0	651.0	597.0	648.0	670.0	750.0	724.0	632.0	630.0	465.0	614.0	648.0	650.0	605.0	578.0	729.0	772.0	662.0	638.0	616.0	767.0	809.0	631.0	670.0	716.0	532.0	616.0	717.0	545.0	576.0	564.0	615.0	660.0	610.0	671.0	628.0	770.0	643.0	672.0	615.0	709.0	599.0	692.0	635.0	653.0	545.0	595.0	604.0	683.0	693.0	640.0	687.0	713.0	639.0	693.0	722.0	680.0	641.0	589.0	680.0	614.0	643.0	596.0	707.0	697.0	753.0	615.0	603.0	595.0	566.0	640.0	720.0	623.0	733.0	819.0	613.0	750.0	673.0	628.0	554.0	816.0	651.0	618.0	738.0	611.0	554.0	750.0	660.0	551.0	659.0	679.0	620.0	602.0	586.0	687.0	585.0	675.0	529.0	520.0	590.0	703.0	610.0	741.0	632.0	680.0	760.0	796.0	706.0	574.0	672.0	677.0	606.0	827.0	671.0	636.0	649.0	641.0	719.0	742.0	572.0	636.0	710.0	563.0	754.0	649.0	825.0	734.0	670.0	562.0	515.0	662.0	601.0	675.0	597.0	740.0	684.0	708.0	693.0	706.0	587.0	675.0	720.0	626.0	654.0	598.0	598.0	670.0	662.0	571.0	664.0	740.0	715.0	697.0	691.0	709.0	656.0	628.0	574.0	555.0	685.0	752.0	632.0	737.0	596.0	551.0	655.0	770.0	638.0	646.0	614.0	618.0	519.0	663.0
16000	109.0	491.0	550.0	595.0	849.0	752.0	748.0	682.0	694.0	526.0	567.0	592.0	485.0	695.0	585.0	605.0	601.0	741.0	731.0	497.0	829.0	699.0	675.0	567.0	616.0	713.0	622.0	595.0	590.0	637.0	586.0	713.0	660.0	452.0	716.0	697.0	519.0	662.0	644.0	459.0	594.0	629.0	629.0	557.0	600.0	652.0	680.0	616.0	786.0	499.0	616.0	593.0	606.0	753.0	696.0	648.0	729.0	611.0	584.0	591.0	657.0	618.0	652.0	685.0	645.0	655.0	718.0	819.0	636.0	526.0	589.0	558.0	792.0	878.0	645.0	617.0	829.0	554.0	693.0	668.0	666.0	607.0	484.0	622.0	518.0	680.0	540.0	697.0	544.0	776.0	707.0	643.0	919.0	644.0	680.0	547.0	584.0	664.0	608.0	548.0	824.0	543.0	621.0	582.0	713.0	699.0	552.0	593.0	541.0	575.0	655.0	680.0	765.0	705.0	710.0	586.0	486.0	541.0	628.0	672.0	614.0	565.0	554.0	582.0	690.0	746.0	618.0	612.0	720.0	619.0	453.0	676.0	460.0	764.0	602.0	578.0	644.0	653.0	673.0	645.0	592.0	653.0	650.0	532.0	549.0	662.0	553.0	683.0	583.0	600.0	713.0	716.0	653.0	732.0	663.0	672.0	667.0	562.0	579.0	586.0	423.0	737.0	626.0	599.0	703.0	618.0	537.0	484.0	831.0	704.0	638.0	746.0	615.0	611.0	673.0	548.0	537.0	566.0	692.0	616.0	576.0	638.0	671.0	584.0	615.0	616.0	553.0	531.0	518.0	634.0	681.0	738.0	582.0	700.0	614.0	602.0	650.0	771.0	707.0	614.0	699.0
16000	163.0	532.0	660.0	590.0	694.0	531.0	634.0	581.0	723.0	628.0	449.0	570.0	691.0	808.0	577.0	751.0	682.0	571.0	527.0	536.0	571.0	585.0	449.0	551.0	565.0	667.0	571.0	563.0	547.0	739.0	545.0	631.0	648.0	645.0	576.0	565.0	637.0	670.0	698.0	597.0	539.0	641.0	632.0	799.0	644.0	584.0	663.0	649.0	488.0	547.0	678.0	573.0	580.0	543.0	585.0	685.0	625.0	693.0	582.0	807.0	482.0	648.0	658.0	674.0	605.0	676.0	547.0	609.0	634.0	568.0	667.0	567.0	683.0	567.0	527.0	592.0	577.0	617.0	640.0	560.0	466.0	621.0	563.0	608.0	573.0	534.0	765.0	785.0	707.0	561.0	782.0	575.0	681.0	619.0	667.0	579.0	637.0	576.0	690.0	655.0	553.0	670.0	621.0	634.0	643.0	562.0	620.0	610.0	805.0	712.0	664.0	573.0	861.0	627.0	595.0	763.0	514.0	566.0	657.0	519.0	544.0	585.0	657.0	771.0	544.0	673.0	691.0	693.0	611.0	606.0	581.0	623.0	738.0	618.0	619.0	526.0	739.0	871.0	567.0	739.0	729.0	645.0	706.0	627.0	507.0	739.0	603.0	737.0	659.0	590.0	657.0	725.0	825.0	601.0	647.0	647.0	835.0	724.0	670.0	623.0	552.0	554.0	490.0	563.0	690.0	595.0	532.0	536.0	564.0	617.0	541.0	568.0	514.0	650.0	646.0	479.0	510.0	686.0	476.0	602.0	629.0	531.0	547.0	710.0	620.0	523.0	671.0	564.0	674.0	597.0	544.0	683.0	560.0	527.0	441.0	630.0	661.0	627.0	707.0	607.0	514.0
32000	5.0	6040.0	6075.0	6392.0	6400.0	6374.0	6387.0	6057.0	6309.0	6294.0	6242.0	6338.0	6310.0	5912.0	6327.0	6349.0	6304.0	6370.0	6334.0	6065.0	6309.0	6058.0	6153.0	6365.0	6372.0	6318.0	6276.0	6400.0	6322.0	6153.0	6316.0	6145.0	6322.0	6371.0	6333.0	6338.0	6345.0	6078.0	6276.0	6092.0	6348.0	6333.0	6329.0	6259.0	6242.0	6316.0	6330.0	6359.0	6092.0	6293.0	6349.0	6264.0	6317.0	6023.0	6092.0	6314.0	6341.0	6319.0	6281.0	6321.0	6190.0	6267.0	6308.0	6355.0	6332.0	6071.0	6348.0	6360.0	6362.0	6258.0	6251.0	6301.0	6311.0	6362.0	6346.0	6079.0	6317.0	6154.0	6194.0	5906.0	6151.0	5952.0	6344.0	6079.0	6353.0	6068.0	5966.0	6312.0	6331.0	6332.0	6283.0	6268.0	6154.0	6394.0	6353.0	6235.0	6287.0	6063.0	6307.0	6243.0	6309.0	6369.0	6332.0	6364.0	6050.0	6228.0	6361.0	6283.0	6318.0	6396.0	6315.0	6328.0	6251.0	6329.0	6331.0	6254.0	6307.0	6354.0	6263.0	6316.0	6300.0	6327.0	6077.0	6232.0	6269.0	6377.0	6359.0	6357.0	6302.0	6317.0	6380.0	6068.0	6283.0	6362.0	6308.0	6326.0	6333.0	6323.0	6099.0	6315.0	6335.0	6218.0	6310.0	6315.0	6251.0	6335.0	6324.0	6352.0	6329.0	6345.0	6317.0	6316.0	6204.0	6244.0	6077.0	6057.0	6336.0	6340.0	6164.0	5930.0	6311.0	6322.0	6058.0	6325.0	6092.0	6326.0	6293.0	6368.0	6357.0	6313.0	6378.0	6367.0	6355.0	6071.0	6223.0	6312.0	6319.0	6277.0	6329.0	6234.0	6361.0	6357.0	6241.0	6310.0	6379.0	6282.0	6280.0	6078.0	6066.0	6070.0	6228.0	6339.0	6315.0	6294.0	6277.0	6400.0	6287.0	6297.0	6293.0	6320.0	6325.0
32000	7.0	4857.0	4945.0	4734.0	4910.0	4858.0	4966.0	4729.0	4733.0	4808.0	4975.0	4998.0	4772.0	4778.0	4968.0	4940.0	4700.0	4845.0	4693.0	4928.0	4878.0	4938.0	4893.0	4907.0	4914.0	4743.0	4758.0	4845.0	4825.0	4939.0	4907.0	4757.0	4887.0	4872.0	4809.0	4804.0	4949.0	4862.0	4786.0	4929.0	4876.0	4982.0	4990.0	4762.0	4837.0	4953.0	4864.0	4659.0	4936.0	4687.0	4942.0	4936.0	4703.0	4912.0	4804.0	4770.0	4956.0	4805.0	4968.0	4770.0	4838.0	4865.0	4984.0	4938.0	4934.0	4912.0	4986.0	4840.0	4909.0	4881.0	4732.0	4815.0	4908.0	4891.0	4610.0	5004.0	4923.0	4843.0	4689.0	4864.0	4950.0	4826.0	4775.0	4928.0	4748.0	4873.0	4868.0	4770.0	4960.0	4563.0	4736.0	4957.0	4944.0	4956.0	4826.0	4930.0	4976.0	4755.0	4817.0	4857.0	4834.0	4947.0	4816.0	4646.0	4964.0	4831.0	4889.0	4829.0	4953.0	4899.0	5008.0	4893.0	4848.0	4929.0	4981.0	4568.0	5017.0	4764.0	4879.0	4882.0	4821.0	4939.0	4973.0	4888.0	4661.0	4926.0	4759.0	4777.0	4949.0	4908.0	4744.0	4925.0	4773.0	4950.0	4761.0	4961.0	4946.0	4852.0	4873.0	4800.0	4770.0	4846.0	4959.0	4906.0	4897.0	4816.0	4789.0	4960.0	4896.0	4936.0	4770.0	4994.0	4960.0	4752.0	4959.0	4932.0	4954.0	4969.0	4694.0	4806.0	4719.0	4696.0	4880.0	4793.0	4914.0	4921.0	4918.0	4991.0	4802.0	4960.0	4965.0	4786.0	4877.0	4748.0	4880.0	4595.0	4948.0	4916.0	4822.0	4775.0	4763.0	4546.0	4811.0	4750.0	4912.0	4964.0	4923.0	4726.0	4897.0	4881.0	4862.0	4945.0	4869.0	4733.0	4618.0	4661.0	4993.0	4558.0	4960.0	4678.0	4693.0
32000	10.0	3819.0	3540.0	3819.0	3831.0	3765.0	3774.0	3685.0	3831.0	3757.0	3771.0	3700.0	3807.0	3802.0	3745.0	3555.0	3681.0	3792.0	3741.0	3883.0	3606.0	3748.0	3838.0	3705.0	3822.0	3648.0	3723.0	3695.0	3588.0	3786.0	3763.0	3835.0	3751.0	3738.0	3824.0	3704.0	3547.0	3797.0	3528.0	3664.0	3750.0	3759.0	3662.0	3496.0	3666.0	3770.0	3663.0	3777.0	3702.0	3577.0	3487.0	3816.0	3881.0	3732.0	3850.0	3508.0	3683.0	3566.0	3778.0	3620.0	3757.0	3866.0	3726.0	3807.0	3770.0	3728.0	3865.0	3687.0	3567.0	3659.0	3758.0	3739.0	3839.0	3753.0	3717.0	3743.0	3761.0	3627.0	3763.0	3749.0	3573.0	3869.0	3576.0	3734.0	3763.0	3827.0	3665.0	3627.0	3776.0	3809.0	3667.0	3685.0	3736.0	3629.0	3888.0	3647.0	3870.0	3659.0	3823.0	3733.0	3648.0	3823.0	3675.0	3682.0	3743.0	3745.0	3602.0	3821.0	3671.0	3700.0	3640.0	3677.0	3895.0	3779.0	3738.0	3595.0	3766.0	3587.0	3583.0	3733.0	3816.0	3740.0	3849.0	3634.0	3649.0	3719.0	3690.0	3773.0	3776.0	3639.0	3721.0	3606.0	3658.0	3549.0	3733.0	3759.0	3822.0	3770.0	3564.0	3812.0	3651.0	3693.0	3646.0	3697.0	3749.0	3608.0	3840.0	3597.0	3685.0	3714.0	3822.0	3655.0	3679.0	3662.0	3735.0	3716.0	3750.0	3818.0	3700.0	3715.0	3691.0	3648.0	3719.0	3805.0	3782.0	3658.0	3802.0	3766.0	3672.0	3803.0	3642.0	3544.0	3798.0	3667.0	3673.0	3616.0	3784.0	3660.0	3851.0	3821.0	3570.0	3712.0	3806.0	3560.0	3722.0	3700.0	3787.0	3684.0	3659.0	3476.0	3729.0	3906.0	3824.0	3562.0	3831.0	3562.0	3690.0	3548.0	3710.0	3751.0	3677.0
32000	15.0	2793.0	2854.0	2749.0	2585.0	2688.0	2812.0	2968.0	2764.0	2702.0	2797.0	2794.0	2734.0	2908.0	2742.0	2708.0	2813.0	2782.0	2588.0	2778.0	2744.0	2677.0	2783.0	2809.0	2914.0	2808.0	2718.0	2835.0	2847.0	2820.0	2587.0	2753.0	2771.0	2745.0	2792.0	2687.0	2645.0	2830.0	2769.0	2707.0	2688.0	2658.0	2687.0	2752.0	2704.0	2847.0	2823.0	2893.0	2741.0	2837.0	2599.0	2674.0	2715.0	2983.0	2824.0	2789.0	2779.0	2820.0	2886.0	2805.0	2862.0	2713.0	2753.0	2763.0	2873.0	2508.0	2780.0	2963.0	2808.0	2856.0	2587.0	2775.0	2716.0	2811.0	2908.0	2719.0	2800.0	2688.0	2726.0	2967.0	2571.0	2765.0	2942.0	2744.0	2738.0	2751.0	2565.0	2867.0	2879.0	2867.0	2942.0	2729.0	2861.0	2619.0	2687.0	2616.0	2847.0	2639.0	2685.0	2714.0	2815.0	2720.0	2880.0	2763.0	2754.0	2771.0	2818.0	2827.0	2957.0	2752.0	2806.0	2803.0	2826.0	2829.0	2825.0	2776.0	2819.0	2869.0	2884.0	2876.0	2917.0	2717.0	2660.0	2732.0	2802.0	2779.0	2700.0	2785.0	2878.0	2906.0	2698.0	2753.0	2931.0	2805.0	2709.0	2647.0	2683.0	2825.0	2675.0	2924.0	2932.0	2906.0	2833.0	2783.0	2633.0	2783.0	2808.0	2963.0	2670.0	2655.0	2749.0	2829.0	2922.0	2889.0	2931.0	2819.0	2650.0	2908.0	2795.0	2886.0	2408.0	2678.0	2804.0	2765.0	2767.0	2686.0	2683.0	2718.0	2883.0	2630.0	2661.0	2848.0	2796.0	2840.0	2786.0	2841.0	2792.0	2577.0	2697.0	2818.0	2789.0	2646.0	2689.0	2842.0	2810.0	2691.0	2826.0	2813.0	2884.0	2897.0	2807.0	2892.0	2619.0	2642.0	2763.0	2829.0	2628.0	2905.0	2810.0	2766.0	2767.0
32000	22.0	2072.0	2097.0	2134.0	2325.0	1936.0	2238.0	2083.0	2251.0	2192.0	2240.0	2092.0	2180.0	2226.0	1979.0	2095.0	2144.0	2157.0	2091.0	2102.0	2117.0	2220.0	2153.0	2219.0	2107.0	2044.0	2215.0	2256.0	2189.0	2135.0	2235.0	2200.0	2031.0	2061.0	1995.0	2293.0	2091.0	2194.0	2315.0	2126.0	2172.0	2258.0	2230.0	2235.0	2172.0	2230.0	2201.0	2156.0	2152.0	2065.0	2196.0	2238.0	2244.0	2343.0	2098.0	2062.0	2208.0	2211.0	2153.0	2005.0	2006.0	2192.0	2118.0	2108.0	2177.0	2245.0	2171.0	2326.0	2236.0	2166.0	2095.0	2106.0	2122.0	2196.0	2192.0	2149.0	2080.0	2083.0	2092.0	2174.0	2118.0	2235.0	1979.0	2092.0	2041.0	2213.0	2182.0	2019.0	2173.0	2183.0	1981.0	2291.0	2084.0	2008.0	1999.0	2101.0	2156.0	2139.0	2221.0	1997.0	2223.0	2239.0	2082.0	2077.0	1987.0	2176.0	2153.0	2138.0	2235.0	2168.0	2262.0	2189.0	2305.0	2172.0	2174.0	2065.0	1976.0	2000.0	2137.0	2318.0	2279.0	2124.0	2027.0	2200.0	2067.0	2110.0	2275.0	2169.0	2119.0	2146.0	2181.0	2096.0	2233.0	2153.0	2109.0	2172.0	2207.0	2337.0	2131.0	2092.0	2154.0	2029.0	2197.0	2122.0	2225.0	2193.0	2118.0	2230.0	2051.0	2027.0	2080.0	2399.0	2095.0	2123.0	2136.0	2039.0	2198.0	2190.0	2117.0	2148.0	2256.0	2111.0	2345.0	2237.0	2276.0	2122.0	2221.0	2168.0	2135.0	2105.0	2015.0	2133.0	2148.0	2198.0	2153.0	2166.0	2264.0	2089.0	2046.0	2222.0	2180.0	2161.0	2035.0	2154.0	2293.0	2060.0	1999.0	2149.0	2031.0	2113.0	1995.0	2143.0	2193.0	2235.0	2165.0	2178.0	2251.0	2160.0	2182.0	2232.0	2061.0
32000	33.0	1730.0	1755.0	1953.0	1757.0	1634.0	1592.0	1605.0	1715.0	1637.0	1664.0	1578.0	1785.0	1721.0	1937.0	1712.0	1551.0	1648.0	1693.0	1817.0	1747.0	1622.0	1691.0	1856.0	1716.0	1911.0	1629.0	1639.0	1811.0	1773.0	1853.0	1846.0	1904.0	1795.0	1875.0	1735.0	1657.0	1700.0	1665.0	1689.0	1728.0	1758.0	1818.0	1653.0	1692.0	1578.0	1734.0	1800.0	1763.0	1567.0	1793.0	1663.0	1813.0	1699.0	1566.0	1943.0	1818.0	1729.0	1812.0	1613.0	1612.0	1715.0	1652.0	1765.0	1835.0	1754.0	1775.0	1616.0	1714.0	1681.0	1724.0	1891.0	1683.0	1679.0	1694.0	1872.0	1725.0	1887.0	1969.0	1745.0	1945.0	1848.0	1580.0	1840.0	1816.0	1804.0	1658.0	1690.0	1701.0	1873.0	1653.0	1476.0	1839.0	1684.0	1771.0	1733.0	1606.0	1817.0	1767.0	1622.0	1855.0	1616.0	1697.0	1733.0	1649.0	1738.0	1678.0	1579.0	1612.0	1733.0	1663.0	1769.0	1746.0	1671.0	1764.0	1782.0	1532.0	1744.0	1817.0	1536.0	1821.0	1633.0	1733.0	1771.0	1537.0	1777.0	1713.0	1815.0	1712.0	1627.0	1937.0	1690.0	1603.0	1651.0	1752.0	1656.0	1521.0	1652.0	1742.0	1714.0	1713.0	1694.0	1548.0	1886.0	1592.0	1562.0	1720.0	1961.0	1550.0	1661.0	1647.0	1670.0	1691.0	1757.0	1639.0	1736.0	1801.0	1715.0	1834.0	1575.0	1828.0	1838.0	1782.0	1875.0	1542.0	1708.0	1721.0	1751.0	1673.0	1855.0	1747.0	1789.0	1736.0	1798.0	1614.0	1746.0	1819.0	1863.0	1656.0	1872.0	1938.0	1607.0	1760.0	1664.0	1788.0	1665.0	1849.0	1695.0	1902.0	1645.0	1615.0	1775.0	1621.0	1522.0	1675.0	1699.0	1458.0	1686.0	1447.0	1682.0	1777.0
32000	49.0	1445.0	1609.0	1352.0	1545.0	1368.0	1396.0	1444.0	1405.0	1476.0	1525.0	1595.0	1689.0	1454.0	1394.0	1452.0	1407.0	1531.0	1547.0	1575.0	1512.0	1618.0	1395.0	1478.0	1554.0	1620.0	1576.0	1348.0	1478.0	1511.0	1525.0	1380.0	1379.0	1472.0	1479.0	1381.0	1299.0	1393.0	1281.0	1484.0	1868.0	1478.0	1505.0	1520.0	1471.0	1469.0	1600.0	1437.0	1342.0	1511.0	1556.0	1610.0	1374.0	1419.0	1266.0	1553.0	1508.0	1617.0	1244.0	1626.0	1532.0	1472.0	1326.0	1417.0	1600.0	1448.0	1403.0	1373.0	1428.0	1310.0	1613.0	1343.0	1409.0	1315.0	1690.0	1331.0	1473.0	1457.0	1435.0	1471.0	1571.0	1422.0	1414.0	1495.0	1346.0	1312.0	1671.0	1468.0	1547.0	1459.0	1796.0	1576.0	1447.0	1353.0	1552.0	1509.0	1498.0	1588.0	1586.0	1409.0	1590.0	1423.0	1500.0	1339.0	1514.0	1342.0	1468.0	1437.0	1321.0	1298.0	1525.0	1526.0	1408.0	1437.0	1474.0	1398.0	1640.0	1545.0	1373.0	1502.0	1287.0	1527.0	1562.0	1396.0	1386.0	1679.0	1548.0	1687.0	1458.0	1542.0	1591.0	1397.0	1583.0	1488.0	1617.0	1654.0	1445.0	1345.0	1588.0	1503.0	1366.0	1507.0	1336.0	1522.0	1580.0	1542.0	1480.0	1424.0	1279.0	1258.0	1395.0	1320.0	1409.0	1511.0	1734.0	1472.0	1364.0	1557.0	1491.0	1327.0	1478.0	1499.0	1441.0	1603.0	1418.0	1475.0	1383.0	1478.0	1340.0	1556.0	1556.0	1334.0	1435.0	1274.0	1607.0	1485.0	1151.0	1601.0	1737.0	1413.0	1596.0	1387.0	1452.0	1333.0	1318.0	1608.0	1465.0	1516.0	1294.0	1263.0	1635.0	1543.0	1382.0	1533.0	1817.0	1507.0	1606.0	1618.0	1550.0	1355.0	1342.0
32000	73.0	1351.0	1487.0	1128.0	1329.0	1259.0	1241.0	1202.0	1359.0	1492.0	1321.0	1441.0	1276.0	1403.0	1227.0	1241.0	1541.0	1453.0	1407.0	1431.0	1139.0	1507.0	1208.0	1346.0	1368.0	1190.0	1397.0	1313.0	1454.0	1303.0	1450.0	1458.0	1482.0	1563.0	1096.0	1356.0	1368.0	1156.0	1286.0	1473.0	1118.0	1143.0	1216.0	1233.0	1450.0	1298.0	1329.0	1421.0	1239.0	1319.0	1335.0	1477.0	1358.0	1282.0	1071.0	1223.0	1386.0	1170.0	1420.0	1454.0	1486.0	1251.0	1264.0	1245.0	1286.0	1316.0	1379.0	1480.0	1176.0	1071.0	1276.0	1419.0	1206.0	1439.0	1355.0	1372.0	1373.0	1525.0	1446.0	1326.0	1272.0	1274.0	1452.0	1308.0	1306.0	1165.0	1182.0	1550.0	1278.0	1312.0	1265.0	1250.0	1163.0	1457.0	1474.0	1734.0	1268.0	1401.0	1542.0	1099.0	1431.0	1099.0	1249.0	1197.0	1265.0	1212.0	1413.0	1115.0	1649.0	1175.0	1377.0	1334.0	1328.0	1092.0	1443.0	1359.0	1551.0	1462.0	1120.0	1319.0	1578.0	1589.0	1456.0	1206.0	1206.0	1336.0	974.0	1235.0	1191.0	1385.0	1331.0	1178.0	1266.0	1473.0	1340.0	1429.0	1224.0	1432.0	1368.0	1357.0	1255.0	1361.0	1557.0	1270.0	1490.0	1216.0	1373.0	1382.0	1336.0	1282.0	1216.0	1323.0	1090.0	1489.0	1171.0	1321.0	1169.0	1590.0	1500.0	1401.0	1214.0	1302.0	1449.0	1211.0	1394.0	1307.0	1269.0	1472.0	1301.0	1237.0	1498.0	1179.0	1468.0	1558.0	1206.0	1103.0	1205.0	1133.0	1232.0	1372.0	1494.0	1419.0	1360.0	1083.0	1073.0	1226.0	1363.0	1179.0	1447.0	1466.0	999.0	993.0	1325.0	1443.0	1490.0	1102.0	1655.0	1322.0	1489.0	1514.0	1265.0
32000	109.0	1323.0	1223.0	935.0	1071.0	1380.0	1133.0	1338.0	1029.0	1309.0	1170.0	977.0	925.0	1438.0	1542.0	1311.0	1398.0	1569.0	1101.0	1216.0	1268.0	1182.0	1454.0	1227.0	974.0	1254.0	1619.0	1707.0	1313.0	1335.0	1162.0	1434.0	1617.0	1350.0	1538.0	1176.0	1698.0	1163.0	1332.0	1101.0	1371.0	1016.0	1292.0	1243.0	1256.0	1150.0	1256.0	1288.0	1106.0	1638.0	880.0	1277.0	1172.0	978.0	1201.0	983.0	1262.0	1495.0	1242.0	1223.0	1293.0	1392.0	1405.0	1528.0	1367.0	1417.0	917.0	1214.0	1450.0	1041.0	1175.0	828.0	1259.0	1210.0	1188.0	1048.0	968.0	1404.0	1277.0	1236.0	1134.0	1098.0	1403.0	1181.0	1016.0	1363.0	1224.0	1442.0	1180.0	1005.0	1084.0	1233.0	1694.0	1089.0	1130.0	1164.0	1173.0	1098.0	1026.0	1069.0	1451.0	1405.0	1246.0	1219.0	1056.0	960.0	1061.0	1458.0	1143.0	1335.0	1072.0	1665.0	1320.0	1454.0	1249.0	1268.0	1415.0	1083.0	1161.0	1443.0	1090.0	1453.0	1221.0	959.0	1504.0	1545.0	1131.0	1264.0	1467.0	1350.0	1388.0	1282.0	1331.0	1186.0	1325.0	1590.0	1173.0	1430.0	1200.0	1234.0	1122.0	1249.0	1508.0	1166.0	1110.0	1050.0	1225.0	1274.0	1007.0	1147.0	1399.0	1416.0	1322.0	1165.0	1278.0	1122.0	1189.0	1291.0	1154.0	993.0	1461.0	1111.0	1091.0	1355.0	1359.0	988.0	1222.0	1125.0	1373.0	1204.0	1443.0	1172.0	1064.0	1254.0	1237.0	1368.0	1097.0	1049.0	1336.0	1101.0	1242.0	940.0	1165.0	1380.0	1111.0	1161.0	1160.0	1517.0	1209.0	1092.0	1328.0	1579.0	1284.0	1117.0	1339.0	1211.0	1268.0	1171.0	1190.0	1231.0	1383.0
32000	163.0	1374.0	1233.0	1075.0	1228.0	1406.0	992.0	1079.0	1392.0	1315.0	1260.0	1034.0	1341.0	993.0	1165.0	1304.0	1192.0	1693.0	1296.0	1290.0	1240.0	1508.0	1391.0	995.0	1281.0	1387.0	1394.0	1291.0	1255.0	1601.0	1494.0	1247.0	1268.0	1179.0	926.0	1281.0	1189.0	1082.0	1080.0	1082.0	1464.0	1396.0	1203.0	1281.0	1410.0	1107.0	1182.0	1324.0	1400.0	1262.0	1251.0	1415.0	986.0	1418.0	1255.0	1684.0	1059.0	1202.0	1348.0	1315.0	1127.0	1193.0	1194.0	1085.0	1253.0	1174.0	1292.0	1221.0	1155.0	1322.0	1189.0	1219.0	1058.0	1220.0	1221.0	1213.0	1147.0	1423.0	1110.0	1241.0	987.0	1240.0	964.0	1245.0	1600.0	1025.0	1263.0	972.0	1404.0	1193.0	1151.0	1163.0	1101.0	1119.0	1236.0	1350.0	1614.0	998.0	1223.0	1170.0	1165.0	1515.0	1040.0	1156.0	1362.0	1177.0	1280.0	1135.0	1384.0	1327.0	1140.0	1053.0	1468.0	1202.0	1103.0	1132.0	1002.0	1242.0	1275.0	1157.0	1371.0	1329.0	1128.0	1362.0	907.0	1227.0	1240.0	1034.0	1227.0	1576.0	1134.0	1300.0	1086.0	1352.0	1111.0	1437.0	1043.0	1191.0	1499.0	1150.0	1295.0	1139.0	1326.0	1131.0	1008.0	1240.0	1035.0	1229.0	1276.0	1324.0	1642.0	1200.0	1177.0	1408.0	1360.0	1338.0	1258.0	1178.0	1188.0	1226.0	1281.0	1317.0	1415.0	1318.0	935.0	1463.0	1045.0	1246.0	1215.0	1192.0	1492.0	956.0	1263.0	1036.0	1393.0	1137.0	1142.0	1162.0	1224.0	1282.0	1176.0	1418.0	1140.0	1134.0	1161.0	1229.0	937.0	1157.0	1460.0	936.0	1168.0	1308.0	1220.0	1015.0	1176.0	1280.0	1496.0	1331.0	1291.0	1036.0	1333.0
64000	5.0	12102.0	12666.0	12665.0	12672.0	12635.0	12795.0	12618.0	12690.0	12245.0	12665.0	12668.0	12625.0	12114.0	12136.0	12689.0	12647.0	12181.0	12604.0	12684.0	12679.0	12715.0	12700.0	12630.0	12689.0	12601.0	12654.0	12716.0	12692.0	12189.0	12667.0	12660.0	12574.0	12358.0	12670.0	12124.0	12156.0	12446.0	12653.0	12161.0	12693.0	12126.0	12647.0	12115.0	12555.0	12320.0	12414.0	12397.0	12559.0	12650.0	12661.0	12655.0	12664.0	12681.0	12603.0	12669.0	12594.0	12102.0	12630.0	12615.0	12440.0	12666.0	12636.0	12633.0	12129.0	12663.0	12705.0	12499.0	12437.0	12674.0	12661.0	12434.0	12569.0	12667.0	12401.0	12658.0	12143.0	12437.0	12648.0	12639.0	12208.0	12585.0	12087.0	12101.0	12704.0	12644.0	12634.0	11935.0	12434.0	12108.0	12111.0	12640.0	12621.0	12646.0	12589.0	12714.0	12735.0	12428.0	11753.0	12692.0	12641.0	12245.0	12634.0	12657.0	12701.0	12605.0	12613.0	12676.0	12137.0	12619.0	12418.0	12631.0	12504.0	12672.0	12583.0	12633.0	12615.0	12642.0	12677.0	12628.0	12663.0	12427.0	12797.0	12157.0	12663.0	12628.0	12154.0	12165.0	12652.0	12350.0	12634.0	12697.0	12612.0	12668.0	12626.0	12656.0	12122.0	12361.0	12624.0	12642.0	12591.0	12658.0	12689.0	12637.0	12655.0	12786.0	12699.0	12677.0	12652.0	12658.0	12597.0	12396.0	12484.0	12591.0	12640.0	12642.0	12647.0	12686.0	12389.0	12439.0	12684.0	12141.0	12659.0	12626.0	12389.0	12652.0	12454.0	12704.0	12542.0	12671.0	12349.0	12491.0	12064.0	12655.0	12746.0	12570.0	12593.0	12658.0	12650.0	12587.0	12709.0	12177.0	12400.0	12661.0	12632.0	12563.0	12555.0	11675.0	12660.0	12666.0	12621.0	12680.0	12597.0	12305.0	12695.0	12295.0	12646.0	12131.0	12482.0	12662.0	12668.0
64000	7.0	9759.0	9913.0	9902.0	9887.0	9760.0	9890.0	9913.0	9686.0	9580.0	9659.0	9632.0	9592.0	9910.0	9761.0	9883.0	9935.0	9660.0	9857.0	9801.0	9454.0	9860.0	9938.0	9890.0	9918.0	9711.0	9746.0	9453.0	9551.0	9884.0	9881.0	9861.0	9801.0	9821.0	9363.0	9964.0	9871.0	9532.0	9778.0	9831.0	9876.0	9920.0	9727.0	9892.0	9296.0	9497.0	9721.0	9858.0	9585.0	9919.0	9648.0	9884.0	9893.0	9884.0	9679.0	9922.0	9940.0	9006.0	9896.0	9514.0	9955.0	9881.0	9891.0	9877.0	9814.0	9474.0	9893.0	9829.0	9714.0	9946.0	9877.0	9909.0	9957.0	9845.0	9897.0	9455.0	9737.0	9921.0	9872.0	9772.0	9540.0	9672.0	9944.0	9659.0	9917.0	9680.0	9602.0	9800.0	9379.0	9179.0	9916.0	9947.0	9715.0	9862.0	9935.0	9908.0	9755.0	9877.0	9697.0	9633.0	9880.0	9755.0	9886.0	9846.0	9304.0	9763.0	9927.0	9902.0	9586.0	9958.0	9687.0	9501.0	9652.0	9906.0	9311.0	9907.0	9477.0	9777.0	9876.0	9896.0	9883.0	9472.0	9895.0	9553.0	9748.0	9794.0	9775.0	9461.0	9875.0	9765.0	9822.0	9896.0	9655.0	9720.0	9495.0	9255.0	9556.0	9482.0	9948.0	9836.0	9388.0	9637.0	9874.0	9975.0	9448.0	9612.0	9756.0	9939.0	9898.0	9893.0	9875.0	9526.0	9852.0	9903.0	9715.0	9662.0	9538.0	9708.0	9900.0	9761.0	9602.0	9298.0	9895.0	9871.0	9931.0	9796.0	9786.0	9815.0	9909.0	9820.0	9484.0	9635.0	9607.0	9942.0	9431.0	9693.0	9854.0	9953.0	9332.0	9625.0	9422.0	9785.0	9537.0	9519.0	9706.0	9895.0	9650.0	9571.0	9943.0	9492.0	9836.0	9686.0	9751.0	9299.0	9866.0	9708.0	9681.0	9211.0	9477.0	9882.0	9695.0
64000	10.0	7384.0	7702.0	7506.0	7102.0	7409.0	7424.0	7430.0	7649.0	7349.0	7302.0	7477.0	7423.0	7319.0	7387.0	7613.0	7210.0	7444.0	7456.0	7246.0	7546.0	7657.0	7432.0	7208.0	7319.0	7471.0	7433.0	7311.0	7289.0	7510.0	7581.0	7574.0	7592.0	7720.0	7600.0	7587.0	7737.0	7166.0	7305.0	7467.0	7300.0	7581.0	7654.0	7406.0	7484.0	7158.0	7680.0	7566.0	7464.0	7607.0	7152.0	7707.0	7153.0	7385.0	7482.0	7575.0	7385.0	7455.0	7617.0	7543.0	7407.0	7496.0	7616.0	7305.0	7505.0	7730.0	7319.0	7578.0	7584.0	7581.0	7562.0	7699.0	7359.0	7352.0	7464.0	7465.0	7561.0	7611.0	7228.0	7390.0	7208.0	7352.0	7553.0	7032.0	7768.0	7495.0	7518.0	7608.0	7335.0	7483.0	7269.0	7702.0	7621.0	7539.0	7617.0	7667.0	7458.0	7397.0	7447.0	7543.0	7665.0	7671.0	7370.0	7237.0	7452.0	7564.0	7608.0	7340.0	7465.0	7336.0	7303.0	7034.0	7548.0	7717.0	7537.0	7466.0	7578.0	7449.0	7523.0	7346.0	7281.0	7578.0	7151.0	7403.0	7673.0	7289.0	7402.0	7684.0	7646.0	7659.0	7225.0	7632.0	7427.0	7428.0	7668.0	7331.0	7659.0	7647.0	7403.0	7292.0	7260.0	7489.0	7566.0	7513.0	7232.0	7486.0	7715.0	7487.0	7326.0	7438.0	7143.0	7306.0	7677.0	7570.0	7397.0	7647.0	7408.0	7635.0	7444.0	7329.0	7377.0	7088.0	7225.0	7559.0	7509.0	7735.0	7623.0	7646.0	7082.0	7485.0	7425.0	7131.0	7397.0	7743.0	7001.0	7595.0	7459.0	7488.0	7374.0	7644.0	7356.0	7610.0	7511.0	7702.0	7504.0	7534.0	7337.0	7424.0	7621.0	7639.0	7637.0	7373.0	7649.0	7504.0	7668.0	7450.0	7509.0	7520.0	7636.0	7240.0	7433.0
64000	15.0	5558.0	5297.0	5630.0	5568.0	5698.0	5560.0	5598.0	5547.0	5498.0	5355.0	5384.0	5928.0	5702.0	5476.0	5824.0	5309.0	5609.0	5629.0	5619.0	5421.0	5421.0	5348.0	5415.0	5812.0	5704.0	5395.0	5510.0	5249.0	5293.0	5352.0	5831.0	5439.0	5393.0	5287.0	5784.0	5710.0	5650.0	5637.0	5801.0	5448.0	5787.0	5490.0	5455.0	5895.0	5308.0	5386.0	5633.0	5619.0	5071.0	5589.0	5558.0	5526.0	5765.0	5724.0	5700.0	5857.0	5315.0	5386.0	5600.0	5401.0	5599.0	5338.0	5607.0	5704.0	5513.0	5700.0	5539.0	5472.0	5414.0	5762.0	5371.0	5627.0	5530.0	5380.0	5743.0	5664.0	5200.0	5633.0	5503.0	5661.0	5455.0	5449.0	5534.0	5664.0	5777.0	5628.0	5416.0	5424.0	5135.0	5873.0	5441.0	5473.0	5602.0	5342.0	5306.0	5537.0	5637.0	5489.0	5712.0	5378.0	5314.0	5335.0	5187.0	5404.0	5382.0	5345.0	5570.0	5800.0	5492.0	5482.0	5676.0	5579.0	5752.0	5663.0	5327.0	5266.0	5625.0	5507.0	5403.0	5404.0	5557.0	5592.0	5890.0	5787.0	5711.0	5668.0	5750.0	5517.0	5404.0	5792.0	5444.0	5335.0	5615.0	5743.0	5649.0	5685.0	5979.0	5553.0	5510.0	5418.0	5592.0	5484.0	5753.0	5182.0	5812.0	5452.0	5598.0	5690.0	5512.0	5487.0	5240.0	5313.0	5476.0	5320.0	5492.0	4934.0	5830.0	5491.0	5586.0	5511.0	5632.0	5655.0	5518.0	5629.0	5427.0	5717.0	5656.0	5643.0	5523.0	5505.0	5454.0	5927.0	5616.0	5369.0	5368.0	5955.0	5559.0	5614.0	5649.0	5434.0	5483.0	5583.0	5453.0	5383.0	5654.0	5721.0	5470.0	5731.0	5509.0	5741.0	5389.0	5383.0	5463.0	5589.0	5788.0	5698.0	5359.0	5715.0	5676.0	5272.0
64000	22.0	4237.0	4326.0	4339.0	4401.0	4229.0	4358.0	4594.0	4127.0	4106.0	4376.0	4650.0	4383.0	4332.0	4439.0	4540.0	4240.0	4502.0	4468.0	4388.0	4244.0	4122.0	4297.0	4231.0	4256.0	4079.0	4210.0	4462.0	4209.0	4373.0	4216.0	4059.0	4336.0	4396.0	4363.0	4587.0	4358.0	4445.0	4188.0	4005.0	4206.0	4214.0	4357.0	4213.0	4672.0	4323.0	4162.0	4157.0	4011.0	4547.0	4576.0	4669.0	4099.0	4071.0	4068.0	4119.0	4212.0	4015.0	4075.0	4559.0	4332.0	4077.0	4003.0	4590.0	4256.0	4615.0	4654.0	4395.0	4346.0	4273.0	4323.0	4269.0	3940.0	4468.0	4263.0	4003.0	4305.0	4578.0	4322.0	4144.0	4411.0	4383.0	4385.0	4216.0	4249.0	4183.0	4274.0	4023.0	4390.0	4319.0	4193.0	4232.0	4499.0	4657.0	4402.0	4525.0	4505.0	4488.0	4510.0	4341.0	4572.0	4067.0	3923.0	4390.0	4080.0	4022.0	3987.0	4248.0	4718.0	4267.0	4208.0	4368.0	4594.0	4392.0	4403.0	4258.0	4759.0	4428.0	4524.0	4428.0	4263.0	4021.0	4002.0	4010.0	4190.0	4264.0	4289.0	4082.0	4508.0	4436.0	4296.0	4182.0	4543.0	4089.0	4365.0	4374.0	4374.0	4412.0	4152.0	4368.0	4182.0	3914.0	3938.0	4224.0	4295.0	4203.0	4640.0	4069.0	4293.0	4460.0	4077.0	4594.0	4638.0	4037.0	4282.0	4499.0	4168.0	4284.0	4348.0	4129.0	4472.0	4011.0	4147.0	4316.0	4629.0	4234.0	4359.0	4274.0	4167.0	4291.0	4352.0	4308.0	4428.0	4203.0	4298.0	4234.0	4146.0	4145.0	4426.0	4254.0	4274.0	4441.0	3786.0	4382.0	4589.0	4337.0	4101.0	4349.0	4191.0	4156.0	4167.0	4325.0	4238.0	4384.0	4358.0	4169.0	4364.0	4409.0	4284.0	4416.0	4522.0
64000	33.0	3608.0	3718.0	3427.0	3646.0	3351.0	3449.0	3553.0	3402.0	3281.0	3218.0	3415.0	3380.0	3337.0	3359.0	3210.0	3513.0	3457.0	3405.0	3509.0	3550.0	3235.0	3260.0	3821.0	3317.0	3388.0	3227.0	3363.0	3689.0	3200.0	3669.0	3742.0	4158.0	3384.0	3774.0	3542.0	3293.0	3462.0	3742.0	3348.0	3507.0	3580.0	3686.0	3821.0	3166.0	3644.0	3331.0	3233.0	3509.0	3382.0	3962.0	3735.0	3423.0	4052.0	3323.0	3481.0	3064.0	3280.0	3243.0	3249.0	3760.0	3345.0	3224.0	3098.0	3458.0	3421.0	3285.0	3684.0	3765.0	3371.0	3358.0	3748.0	3489.0	3442.0	3516.0	3317.0	3312.0	3467.0	3252.0	3227.0	3607.0	3303.0	3821.0	3330.0	3588.0	3526.0	3625.0	3214.0	3490.0	3199.0	3160.0	3540.0	3586.0	3645.0	3736.0	3343.0	3310.0	3702.0	3392.0	3834.0	3312.0	4008.0	3173.0	3601.0	3523.0	3225.0	3295.0	3330.0	3276.0	3346.0	3603.0	3353.0	3544.0	3582.0	3366.0	3646.0	3363.0	3511.0	3381.0	3226.0	3385.0	3322.0	3990.0	3324.0	3382.0	3334.0	3735.0	3484.0	3644.0	3282.0	3110.0	3732.0	3287.0	3505.0	3351.0	3145.0	3294.0	3267.0	3412.0	3255.0	3486.0	3559.0	3407.0	3499.0	3385.0	3071.0	3423.0	3300.0	3369.0	3302.0	3421.0	3493.0	3457.0	3718.0	3377.0	3363.0	3425.0	3494.0	3237.0	3325.0	3435.0	3667.0	3921.0	3483.0	3483.0	3456.0	3882.0	3287.0	3229.0	3376.0	3193.0	3578.0	3073.0	3602.0	3800.0	3391.0	3323.0	3531.0	3652.0	3626.0	3153.0	3357.0	3390.0	3614.0	3358.0	3438.0	3596.0	3415.0	3348.0	3478.0	3492.0	3254.0	3980.0	3354.0	3221.0	3376.0	3225.0	3375.0	3319.0	3399.0	3549.0
64000	49.0	3110.0	3244.0	2409.0	2908.0	2595.0	3110.0	2743.0	3291.0	2725.0	2737.0	2899.0	2651.0	2730.0	2970.0	2411.0	2869.0	2692.0	3601.0	2928.0	2852.0	2757.0	2871.0	2808.0	2801.0	3457.0	3139.0	2771.0	2804.0	3270.0	2783.0	2918.0	2877.0	3097.0	2903.0	2570.0	2603.0	3414.0	2590.0	2906.0	3141.0	3048.0	2869.0	2806.0	3051.0	3050.0	2802.0	2851.0	3228.0	2579.0	2753.0	3147.0	3169.0	2926.0	2768.0	2832.0	3148.0	2902.0	2999.0	2671.0	3122.0	3103.0	2743.0	3085.0	3093.0	2975.0	2828.0	2756.0	3072.0	2793.0	2904.0	2958.0	2800.0	3124.0	2922.0	3100.0	3050.0	3281.0	2771.0	2932.0	3323.0	3199.0	2582.0	3207.0	2592.0	2896.0	3270.0	2757.0	3403.0	2710.0	3154.0	3014.0	2920.0	2826.0	3014.0	2846.0	2912.0	3254.0	3453.0	3765.0	2931.0	2946.0	2818.0	2486.0	2986.0	3238.0	2974.0	3088.0	2762.0	3066.0	2726.0	2924.0	2589.0	2831.0	2739.0	2702.0	2924.0	3249.0	3047.0	3471.0	2747.0	2753.0	2643.0	3002.0	3003.0	3056.0	3134.0	3007.0	2754.0	2613.0	2878.0	3045.0	2946.0	2815.0	3273.0	2859.0	2770.0	2968.0	2991.0	3155.0	3147.0	3035.0	3225.0	2760.0	2885.0	2982.0	2580.0	2575.0	3161.0	3194.0	3014.0	3210.0	3020.0	3088.0	3002.0	3040.0	3113.0	3093.0	2938.0	2972.0	3357.0	2911.0	3155.0	2866.0	2744.0	2655.0	2508.0	3020.0	3898.0	3094.0	2776.0	2716.0	2991.0	2581.0	2956.0	3005.0	2900.0	2893.0	3026.0	2624.0	2785.0	3006.0	2802.0	2765.0	2592.0	3137.0	2535.0	2896.0	3176.0	3179.0	2753.0	2901.0	2795.0	2887.0	3110.0	3354.0	3010.0	3019.0	3118.0	2716.0	2967.0
64000	73.0	2744.0	2410.0	2311.0	2956.0	2699.0	2654.0	2495.0	2415.0	2612.0	2410.0	2257.0	2664.0	3093.0	2604.0	2584.0	2546.0	2587.0	2603.0	2572.0	2696.0	3281.0	2434.0	2684.0	2392.0	2806.0	2856.0	2437.0	2607.0	2981.0	2896.0	2608.0	2523.0	2575.0	2521.0	2840.0	2305.0	2628.0	2312.0	2919.0	2596.0	2949.0	2392.0	3093.0	2470.0	2695.0	2738.0	2767.0	2285.0	2415.0	2643.0	2839.0	2875.0	2218.0	2799.0	2459.0	3046.0	2640.0	3245.0	2385.0	3149.0	2508.0	2307.0	2522.0	2785.0	2482.0	2901.0	2379.0	2753.0	2360.0	2139.0	2652.0	2642.0	2586.0	2501.0	2710.0	2954.0	2563.0	2783.0	2746.0	2486.0	2904.0	2487.0	2571.0	2290.0	2815.0	2331.0	2481.0	2901.0	2303.0	2752.0	2890.0	2280.0	2382.0	2396.0	2521.0	2651.0	2384.0	2967.0	2443.0	2494.0	2323.0	2436.0	2985.0	2361.0	2812.0	2376.0	2522.0	2492.0	2992.0	2469.0	3027.0	2711.0	2776.0	2851.0	2686.0	2850.0	2491.0	2121.0	2357.0	2263.0	2995.0	2406.0	2444.0	2736.0	3269.0	2461.0	2971.0	2419.0	2564.0	2682.0	2878.0	2593.0	2732.0	2864.0	2968.0	2887.0	2620.0	2595.0	2469.0	2403.0	2657.0	2377.0	2799.0	3026.0	2228.0	2797.0	2568.0	2741.0	3250.0	2318.0	2782.0	2522.0	2892.0	3262.0	2333.0	2213.0	3012.0	3015.0	2687.0	3202.0	2669.0	2639.0	2918.0	2697.0	2537.0	2609.0	2347.0	2965.0	3110.0	2445.0	2431.0	2836.0	3439.0	2660.0	2964.0	2426.0	2815.0	2818.0	2720.0	3314.0	2388.0	2568.0	2536.0	3292.0	2622.0	2487.0	2973.0	2880.0	2722.0	2607.0	2541.0	2423.0	3039.0	2864.0	2448.0	2986.0	2889.0	2490.0	2971.0	2905.0
64000	109.0	2449.0	2421.0	2962.0	2244.0	3291.0	2105.0	2388.0	2068.0	2622.0	2444.0	3162.0	2840.0	2708.0	2679.0	2001.0	2816.0	2994.0	2820.0	2402.0	2397.0	2603.0	2814.0	2161.0	3096.0	2635.0	2983.0	3319.0	2668.0	2223.0	2937.0	2769.0	2129.0	2772.0	2065.0	2313.0	3078.0	2174.0	2732.0	1989.0	2364.0	2211.0	2408.0	2955.0	2486.0	2216.0	3035.0	2249.0	2176.0	2733.0	2085.0	2465.0	2574.0	2711.0	2530.0	2719.0	2621.0	2675.0	2096.0	2320.0	2496.0	2962.0	2249.0	2558.0	2811.0	2303.0	2778.0	2640.0	2711.0	2745.0	2344.0	2173.0	2301.0	2567.0	2237.0	2727.0	2343.0	1961.0	2262.0	2770.0	2653.0	2581.0	2921.0	2335.0	2325.0	2433.0	2399.0	2176.0	2612.0	2842.0	2281.0	2722.0	2348.0	2850.0	1884.0	2756.0	2604.0	2183.0	2312.0	2014.0	2903.0	2869.0	3169.0	2741.0	3026.0	2541.0	2211.0	1923.0	2467.0	2345.0	2186.0	2919.0	2415.0	2363.0	2156.0	2384.0	2601.0	2187.0	2189.0	2627.0	2374.0	2226.0	2371.0	3023.0	2503.0	2127.0	3227.0	2253.0	3035.0	2640.0	2852.0	2141.0	2565.0	2467.0	2647.0	3108.0	2675.0	2251.0	2746.0	2911.0	2307.0	2895.0	2846.0	2535.0	2831.0	2210.0	2332.0	2494.0	2234.0	2288.0	2146.0	2722.0	2469.0	2409.0	2390.0	2424.0	2979.0	2288.0	2394.0	2676.0	2229.0	2332.0	2315.0	2546.0	2216.0	2573.0	2361.0	2236.0	1928.0	2133.0	2285.0	2393.0	2701.0	2411.0	2088.0	2167.0	2515.0	2499.0	2693.0	3424.0	2797.0	2433.0	2742.0	2686.0	3101.0	1992.0	2327.0	2740.0	3565.0	2722.0	3100.0	2318.0	2264.0	2125.0	2280.0	2124.0	3008.0	2378.0	2391.0	2466.0	2487.0
64000	163.0	2275.0	2504.0	2053.0	3012.0	3031.0	2373.0	2569.0	2284.0	2096.0	2429.0	2329.0	3476.0	2170.0	2658.0	2201.0	2599.0	2265.0	2398.0	2587.0	1795.0	2255.0	2712.0	2306.0	2364.0	2647.0	2684.0	2971.0	2639.0	2479.0	2369.0	2200.0	2118.0	2514.0	2301.0	2442.0	2064.0	3080.0	2530.0	2609.0	2585.0	3384.0	3003.0	2108.0	2325.0	2542.0	2469.0	3087.0	2232.0	2789.0	2355.0	2226.0	2255.0	2051.0	2278.0	2202.0	2235.0	2925.0	3070.0	3106.0	1956.0	2689.0	1950.0	2631.0	2996.0	3066.0	2413.0	3134.0	2291.0	2415.0	2352.0	3022.0	3165.0	2553.0	2464.0	2464.0	2846.0	2018.0	3144.0	2001.0	2268.0	2169.0	2785.0	2917.0	2796.0	2184.0	2451.0	3073.0	3051.0	2922.0	1914.0	1996.0	2562.0	2636.0	2638.0	2703.0	2484.0	2139.0	2915.0	2781.0	1858.0	3023.0	3155.0	3301.0	2449.0	2805.0	2613.0	1815.0	2897.0	2158.0	2360.0	2296.0	2372.0	2195.0	2051.0	1876.0	2244.0	2280.0	2496.0	2502.0	2361.0	2161.0	2614.0	2604.0	2867.0	2580.0	2180.0	2896.0	2546.0	2749.0	3121.0	2319.0	2925.0	2310.0	2897.0	2587.0	2354.0	1946.0	2082.0	2278.0	3461.0	3214.0	2453.0	2563.0	2605.0	2610.0	3075.0	2702.0	2485.0	2488.0	1924.0	2469.0	2562.0	2505.0	2136.0	2716.0	2412.0	2567.0	3458.0	2668.0	2704.0	2987.0	2628.0	2584.0	2654.0	2271.0	3138.0	2442.0	2303.0	2216.0	2819.0	3077.0	2298.0	2257.0	2345.0	2556.0	2394.0	2688.0	2424.0	2380.0	2541.0	2449.0	2323.0	2552.0	2660.0	2537.0	2397.0	2398.0	2746.0	3046.0	2552.0	2490.0	2183.0	3446.0	2493.0	2240.0	2342.0	2710.0	2566.0	2233.0	1964.0
128000	5.0	25358.0	25368.0	25218.0	24819.0	24939.0	25302.0	25355.0	24372.0	24727.0	25251.0	25320.0	25345.0	25329.0	23663.0	25315.0	25255.0	25272.0	25309.0	24648.0	25457.0	25265.0	25291.0	25254.0	24880.0	24397.0	25315.0	25254.0	24269.0	25275.0	25443.0	24946.0	24953.0	25233.0	25321.0	25265.0	25333.0	25264.0	25301.0	23284.0	25267.0	25069.0	24971.0	25417.0	24383.0	25245.0	25298.0	25297.0	25338.0	25279.0	25330.0	25328.0	24840.0	25319.0	25288.0	24994.0	25314.0	24951.0	24871.0	25376.0	24617.0	25210.0	25398.0	23798.0	25294.0	25361.0	25384.0	25310.0	25205.0	25265.0	25422.0	24337.0	25260.0	25267.0	25216.0	24876.0	25422.0	25285.0	24356.0	25284.0	25336.0	24847.0	25316.0	24314.0	24371.0	24746.0	23917.0	24923.0	25301.0	25354.0	25257.0	25385.0	25195.0	24854.0	24740.0	24958.0	24256.0	25360.0	25348.0	25335.0	25276.0	25302.0	25297.0	25330.0	24878.0	24991.0	24946.0	25313.0	25433.0	25291.0	24896.0	25293.0	24343.0	25295.0	25327.0	24329.0	25371.0	25245.0	24010.0	25377.0	25303.0	25354.0	25355.0	25408.0	24949.0	25405.0	24313.0	25368.0	25348.0	24241.0	25259.0	25388.0	25320.0	25348.0	25339.0	25349.0	25279.0	25258.0	24309.0	25349.0	25246.0	23917.0	24462.0	25304.0	25276.0	25227.0	24852.0	25310.0	25394.0	24892.0	25409.0	25264.0	24889.0	25389.0	25251.0	25391.0	25297.0	25042.0	25325.0	25363.0	25250.0	24861.0	25355.0	25348.0	25316.0	25295.0	25274.0	25389.0	25241.0	25292.0	25336.0	24912.0	25388.0	25262.0	25308.0	24785.0	25366.0	25214.0	25322.0	24710.0	25332.0	25371.0	23920.0	25259.0	25365.0	23945.0	25348.0	24335.0	25316.0	25229.0	25263.0	25213.0	25337.0	25308.0	25318.0	25290.0	25393.0	25342.0	25251.0	25396.0	24886.0
128000	7.0	19808.0	19080.0	19033.0	19218.0	18740.0	19513.0	19807.0	19485.0	19782.0	19767.0	19712.0	19594.0	19172.0	19601.0	19753.0	19874.0	19007.0	19724.0	19859.0	18818.0	18464.0	19741.0	19820.0	18557.0	19087.0	19632.0	19736.0	18758.0	18998.0	19806.0	19264.0	19836.0	19297.0	19094.0	19709.0	19101.0	19694.0	19054.0	19095.0	19003.0	18762.0	18765.0	19404.0	18648.0	19892.0	19504.0	19768.0	19152.0	19774.0	19708.0	19837.0	19021.0	19748.0	19499.0	18710.0	19327.0	19882.0	18775.0	19799.0	19770.0	18966.0	19550.0	19009.0	19736.0	19843.0	19784.0	19749.0	19732.0	18325.0	19276.0	19614.0	19839.0	19488.0	19681.0	19560.0	19786.0	19390.0	19073.0	19762.0	19767.0	19294.0	19093.0	19797.0	19097.0	19808.0	19422.0	19083.0	19706.0	19025.0	19909.0	19780.0	19492.0	19558.0	19426.0	19170.0	19748.0	19283.0	19675.0	19056.0	18803.0	19077.0	19166.0	19865.0	19516.0	19604.0	19156.0	19465.0	19788.0	19527.0	19562.0	19060.0	19248.0	19116.0	19325.0	19799.0	19815.0	19372.0	19471.0	19762.0	19015.0	19786.0	19756.0	19532.0	19787.0	18972.0	19701.0	19717.0	19175.0	19546.0	19828.0	19213.0	19815.0	19727.0	19010.0	19108.0	19769.0	19062.0	19376.0	19047.0	19158.0	19403.0	19754.0	19320.0	18971.0	19850.0	19452.0	18831.0	19011.0	19018.0	19809.0	19426.0	19473.0	19764.0	19361.0	19808.0	19467.0	19736.0	19545.0	19559.0	19149.0	19808.0	19775.0	19528.0	19728.0	18999.0	19374.0	19439.0	19633.0	19507.0	19368.0	18646.0	19378.0	19560.0	19279.0	19477.0	19788.0	18651.0	19783.0	19405.0	18730.0	19738.0	19564.0	19906.0	19624.0	19023.0	19869.0	19239.0	19551.0	18944.0	19041.0	19940.0	19579.0	19716.0	19762.0	18766.0	19621.0	19572.0	19845.0	19357.0	19365.0
128000	10.0	15130.0	15260.0	15174.0	15012.0	14660.0	15313.0	14936.0	14537.0	15365.0	14786.0	14477.0	14823.0	14829.0	15318.0	15129.0	14951.0	14976.0	14795.0	14823.0	14794.0	15434.0	15047.0	15206.0	15260.0	14934.0	15151.0	15104.0	14899.0	14786.0	14298.0	14355.0	14654.0	14604.0	15211.0	15197.0	15427.0	14656.0	15054.0	15029.0	15333.0	15495.0	14438.0	15160.0	14150.0	15294.0	15309.0	14731.0	15265.0	14931.0	15270.0	14823.0	15296.0	14966.0	14811.0	15244.0	14443.0	15276.0	15147.0	14274.0	15362.0	14794.0	14572.0	14811.0	15122.0	14781.0	14327.0	15041.0	15255.0	14918.0	14897.0	15380.0	14297.0	14782.0	14763.0	14296.0	14761.0	14518.0	14820.0	14448.0	15426.0	14837.0	14508.0	15033.0	14337.0	15296.0	14967.0	14796.0	15065.0	14523.0	14788.0	14432.0	14575.0	15217.0	14445.0	15258.0	15488.0	14880.0	14304.0	14843.0	14835.0	15392.0	15057.0	15381.0	14448.0	14574.0	15303.0	15501.0	14824.0	15140.0	15114.0	14611.0	15199.0	14844.0	14618.0	14585.0	14615.0	14727.0	14344.0	14904.0	15210.0	15084.0	15412.0	15177.0	14869.0	15206.0	15363.0	14777.0	15362.0	14431.0	15162.0	15006.0	14501.0	14543.0	14882.0	14698.0	15214.0	14577.0	14320.0	14640.0	14984.0	15198.0	14429.0	15375.0	15390.0	14751.0	14752.0	14281.0	14956.0	14751.0	15018.0	14936.0	14410.0	15047.0	15366.0	14475.0	14567.0	14702.0	14672.0	14717.0	14764.0	15183.0	15149.0	14815.0	15190.0	15079.0	15386.0	14690.0	14443.0	14624.0	15029.0	15263.0	15335.0	14410.0	15406.0	14799.0	15274.0	14477.0	14872.0	14567.0	14742.0	15313.0	14471.0	15213.0	15143.0	14771.0	14414.0	15389.0	14542.0	14558.0	14505.0	15151.0	14381.0	15281.0	15383.0	15172.0	14261.0	15136.0	14917.0	15209.0	14814.0
128000	15.0	11056.0	11472.0	10522.0	10867.0	11845.0	11163.0	10659.0	11665.0	11066.0	11088.0	10999.0	11077.0	11418.0	10699.0	10484.0	10821.0	11518.0	11453.0	10766.0	11312.0	11267.0	11407.0	11404.0	11391.0	11423.0	11188.0	11407.0	10603.0	11497.0	11358.0	11606.0	11157.0	11434.0	10975.0	11162.0	11261.0	11185.0	10775.0	10855.0	11139.0	10559.0	11155.0	11053.0	11431.0	11758.0	11256.0	11416.0	11580.0	11120.0	10962.0	10879.0	10997.0	11145.0	11250.0	10979.0	11512.0	11596.0	11232.0	11050.0	10719.0	11101.0	11676.0	10848.0	10525.0	10782.0	10673.0	11106.0	11062.0	10938.0	11573.0	10728.0	10884.0	11436.0	11037.0	11028.0	11780.0	11673.0	10740.0	10539.0	10925.0	11124.0	10353.0	11303.0	10798.0	11250.0	11074.0	11413.0	11230.0	10924.0	10797.0	10867.0	11290.0	11147.0	11501.0	11104.0	10772.0	10100.0	10983.0	11612.0	11433.0	11231.0	11387.0	10960.0	10532.0	11151.0	11670.0	10677.0	11348.0	10962.0	11565.0	10713.0	10722.0	10700.0	11479.0	10957.0	11452.0	11237.0	10822.0	10740.0	10644.0	10895.0	11492.0	11057.0	10357.0	11841.0	11072.0	11323.0	10839.0	11286.0	11509.0	11678.0	11109.0	11018.0	11593.0	11084.0	10626.0	11112.0	11000.0	10828.0	11315.0	11003.0	11458.0	11096.0	10801.0	10628.0	11743.0	11635.0	11043.0	11303.0	11531.0	10654.0	11195.0	11456.0	11441.0	10880.0	10833.0	11248.0	10897.0	11103.0	11488.0	11328.0	11013.0	10721.0	11160.0	11002.0	10836.0	11013.0	11385.0	11916.0	11070.0	11049.0	11120.0	11552.0	11214.0	11461.0	10982.0	11035.0	10198.0	11097.0	10795.0	11399.0	11213.0	11120.0	11095.0	10750.0	10507.0	11168.0	11244.0	11047.0	10986.0	11289.0	11548.0	11138.0	10958.0	10879.0	11098.0	11244.0	11050.0	10387.0	11203.0
128000	22.0	8748.0	9609.0	8244.0	8776.0	8224.0	9176.0	7774.0	8673.0	8701.0	8071.0	8488.0	8678.0	8372.0	8597.0	8318.0	8669.0	8717.0	9201.0	8900.0	8107.0	8522.0	9192.0	8900.0	8664.0	8450.0	8079.0	8380.0	8687.0	8569.0	9102.0	8686.0	8623.0	8307.0	8500.0	8581.0	8843.0	8315.0	8899.0	7916.0	9090.0	8858.0	8679.0	8481.0	8528.0	8272.0	8559.0	8460.0	8325.0	8084.0	9032.0	8484.0	9430.0	8436.0	8482.0	8689.0	8843.0	8558.0	9039.0	8442.0	9050.0	8187.0	8489.0	8334.0	8224.0	8708.0	8293.0	8266.0	8412.0	9076.0	7835.0	9008.0	8492.0	9035.0	8512.0	8435.0	8373.0	8251.0	8709.0	8086.0	9186.0	8913.0	8589.0	8769.0	7871.0	8181.0	8299.0	8718.0	8487.0	9189.0	8666.0	8453.0	8688.0	9244.0	8403.0	8206.0	9134.0	9385.0	8999.0	8300.0	8520.0	8316.0	8084.0	8459.0	8680.0	8106.0	9191.0	9092.0	8989.0	8249.0	8634.0	8181.0	9058.0	8588.0	8885.0	8431.0	8214.0	8635.0	8752.0	8637.0	8485.0	8741.0	8646.0	8569.0	8888.0	8065.0	8910.0	9363.0	8432.0	9236.0	8988.0	8415.0	9096.0	8733.0	8120.0	8016.0	8483.0	8456.0	8412.0	8276.0	8286.0	8616.0	8580.0	8852.0	7970.0	8504.0	8484.0	8926.0	8485.0	9135.0	8077.0	8360.0	8163.0	7941.0	8392.0	8846.0	8229.0	8346.0	8322.0	8439.0	9127.0	9329.0	8619.0	8778.0	9075.0	8457.0	8916.0	8357.0	8139.0	8372.0	8167.0	8617.0	8552.0	9380.0	8601.0	8423.0	8488.0	8345.0	9091.0	8759.0	8763.0	8986.0	8857.0	8900.0	8512.0	8415.0	8128.0	9019.0	9034.0	8339.0	8428.0	8245.0	9200.0	8538.0	9073.0	8231.0	8660.0	8984.0	8724.0	8949.0	8910.0
128000	33.0	7112.0	6636.0	6790.0	6248.0	7613.0	6609.0	6282.0	6640.0	7097.0	6991.0	6982.0	7062.0	6241.0	7227.0	7105.0	7459.0	7053.0	6322.0	7037.0	7166.0	6843.0	6970.0	6649.0	7165.0	7254.0	7114.0	7371.0	6235.0	7025.0	6961.0	7374.0	6913.0	7162.0	6703.0	6778.0	7373.0	6727.0	7728.0	7445.0	6632.0	6546.0	6838.0	6579.0	6557.0	6738.0	6465.0	6569.0	7201.0	6715.0	6719.0	7144.0	6833.0	7492.0	7378.0	6502.0	6341.0	6597.0	6547.0	6999.0	6595.0	6192.0	6601.0	6243.0	6842.0	6673.0	7008.0	6954.0	7430.0	6598.0	6650.0	6660.0	7586.0	6254.0	7072.0	7134.0	6846.0	7385.0	7667.0	7150.0	7314.0	6828.0	6430.0	6193.0	7084.0	6830.0	7349.0	6547.0	6520.0	6433.0	7572.0	7044.0	6552.0	6789.0	6594.0	6762.0	6496.0	6831.0	6233.0	7323.0	6845.0	7046.0	7472.0	6124.0	6972.0	7479.0	6078.0	6962.0	6437.0	7584.0	7116.0	7289.0	7523.0	7035.0	6911.0	7065.0	6923.0	6964.0	7141.0	7190.0	6689.0	6772.0	6879.0	6824.0	6876.0	7108.0	6891.0	7413.0	6128.0	6699.0	7007.0	6925.0	6280.0	6291.0	6480.0	7121.0	6806.0	6676.0	6971.0	7104.0	7771.0	6912.0	6602.0	6681.0	7567.0	6675.0	6971.0	6676.0	6457.0	7216.0	6664.0	7400.0	6973.0	6681.0	6738.0	6643.0	7274.0	6571.0	6207.0	6942.0	6346.0	6912.0	6529.0	6825.0	7418.0	6393.0	7145.0	6667.0	6220.0	6663.0	5661.0	7537.0	7452.0	7615.0	6078.0	6659.0	6929.0	6708.0	6808.0	6843.0	7784.0	6448.0	6603.0	6616.0	7413.0	6125.0	6892.0	6249.0	6748.0	6525.0	6863.0	7124.0	6348.0	7309.0	6892.0	6326.0	6810.0	7022.0	6810.0	6453.0	6740.0
128000	49.0	5975.0	6006.0	6871.0	5987.0	6095.0	5491.0	6081.0	5175.0	5940.0	5489.0	5874.0	6294.0	5750.0	5241.0	5422.0	5303.0	5494.0	5962.0	5763.0	6107.0	5307.0	5747.0	5877.0	6002.0	5396.0	6145.0	6008.0	5601.0	5282.0	5410.0	6534.0	5547.0	6300.0	5533.0	7196.0	6609.0	5698.0	5960.0	6499.0	6095.0	6126.0	5723.0	5980.0	6123.0	6670.0	5399.0	5803.0	5681.0	5637.0	5511.0	6181.0	6204.0	6296.0	5899.0	5165.0	5789.0	5581.0	5908.0	6452.0	6064.0	6456.0	5558.0	5525.0	5642.0	6558.0	5942.0	5560.0	5250.0	6127.0	5595.0	5400.0	6829.0	5319.0	5173.0	5477.0	6701.0	5584.0	6094.0	5618.0	6669.0	7112.0	6258.0	5660.0	5552.0	5311.0	6234.0	6161.0	6183.0	5758.0	5874.0	5442.0	5411.0	5689.0	5836.0	5730.0	5684.0	6011.0	6120.0	5316.0	4975.0	6068.0	5942.0	6048.0	5795.0	5620.0	5877.0	5029.0	5091.0	5428.0	6432.0	5378.0	5800.0	5561.0	5665.0	6588.0	6743.0	6342.0	5839.0	5342.0	5722.0	4971.0	5486.0	5315.0	5525.0	5800.0	4808.0	6387.0	5613.0	6229.0	6233.0	5431.0	4977.0	6472.0	6393.0	5376.0	5428.0	6297.0	6390.0	5839.0	6088.0	5779.0	6486.0	5470.0	5598.0	6256.0	6021.0	6039.0	6041.0	5279.0	5350.0	5645.0	6245.0	5654.0	6127.0	5852.0	5766.0	6771.0	5352.0	6312.0	6835.0	5803.0	5705.0	6100.0	5801.0	5277.0	6090.0	5938.0	5421.0	5760.0	6226.0	5871.0	5567.0	5285.0	5537.0	5951.0	6227.0	6476.0	5683.0	5462.0	5076.0	4778.0	5901.0	5949.0	5675.0	5607.0	5597.0	6829.0	5395.0	5515.0	5228.0	6388.0	5853.0	5905.0	4975.0	6026.0	5836.0	6860.0	5698.0	6195.0	6409.0
128000	73.0	5674.0	5759.0	5789.0	5452.0	5055.0	5143.0	4641.0	6093.0	4484.0	6439.0	5815.0	4697.0	5034.0	4280.0	5823.0	5611.0	5654.0	4632.0	5312.0	5768.0	5131.0	6308.0	6242.0	5593.0	6299.0	5822.0	5017.0	4340.0	5181.0	4601.0	4591.0	4984.0	5769.0	5135.0	5374.0	5107.0	4942.0	4809.0	4852.0	4904.0	5440.0	5242.0	4562.0	4906.0	4966.0	6113.0	5409.0	4411.0	6651.0	6358.0	4820.0	5522.0	4942.0	4949.0	4966.0	4903.0	5080.0	5982.0	5175.0	4937.0	5795.0	5578.0	5272.0	5194.0	5965.0	4609.0	5042.0	4801.0	5021.0	6100.0	5481.0	5890.0	5454.0	5805.0	5553.0	4518.0	5451.0	5421.0	4971.0	5670.0	7111.0	4769.0	4941.0	5860.0	6133.0	5280.0	4926.0	4673.0	4846.0	4075.0	4557.0	5319.0	6597.0	5270.0	4852.0	5763.0	5037.0	7067.0	5367.0	4949.0	4797.0	5266.0	5293.0	6463.0	5330.0	5243.0	5972.0	5610.0	4712.0	4547.0	5715.0	5136.0	5558.0	6042.0	4775.0	4381.0	5414.0	6735.0	5502.0	5108.0	5217.0	4959.0	4922.0	4813.0	5233.0	6274.0	5693.0	5893.0	5391.0	4988.0	6017.0	4795.0	5227.0	5379.0	4931.0	4705.0	4760.0	5603.0	5607.0	5984.0	6257.0	4440.0	5261.0	5229.0	4849.0	5212.0	4732.0	6094.0	6082.0	4515.0	5214.0	5546.0	5377.0	6228.0	5142.0	5800.0	5551.0	5396.0	4550.0	5124.0	5489.0	5602.0	5149.0	5645.0	5599.0	4936.0	5773.0	5317.0	6259.0	4909.0	5201.0	5093.0	4640.0	4662.0	4798.0	5288.0	4597.0	5077.0	5770.0	5666.0	5400.0	5014.0	5138.0	5802.0	5746.0	5184.0	5328.0	5363.0	5884.0	5963.0	4254.0	4478.0	6916.0	4911.0	4369.0	5302.0	5052.0	6505.0	5096.0	4528.0
128000	109.0	3859.0	4465.0	5431.0	4315.0	4833.0	5162.0	4681.0	5509.0	4652.0	4552.0	5017.0	6064.0	4273.0	5348.0	5955.0	5961.0	4990.0	5921.0	4789.0	5316.0	4848.0	4836.0	4913.0	5070.0	4069.0	4963.0	5595.0	6260.0	5401.0	4815.0	5675.0	5240.0	5241.0	5591.0	4885.0	4802.0	5673.0	5400.0	5050.0	5010.0	6067.0	5779.0	4806.0	4775.0	4786.0	6293.0	4632.0	4687.0	4957.0	4879.0	4369.0	3444.0	4469.0	5412.0	5112.0	5491.0	5799.0	4514.0	5679.0	4573.0	4943.0	4844.0	6203.0	5164.0	4155.0	4177.0	4933.0	6093.0	4132.0	5796.0	5022.0	5365.0	5421.0	6084.0	5004.0	4348.0	4594.0	4897.0	5239.0	4398.0	4663.0	4681.0	6174.0	6135.0	3815.0	4889.0	4163.0	4231.0	4656.0	5176.0	4796.0	5455.0	4932.0	5438.0	6572.0	5027.0	4326.0	4994.0	5724.0	5195.0	4900.0	4698.0	5276.0	5625.0	6413.0	5147.0	4987.0	4327.0	4606.0	4490.0	4811.0	5749.0	4092.0	5191.0	5138.0	4908.0	4567.0	4982.0	5216.0	4493.0	4439.0	4453.0	5555.0	5548.0	5531.0	5479.0	4855.0	4715.0	5194.0	4352.0	4309.0	5220.0	5164.0	5212.0	6393.0	4518.0	4678.0	4055.0	5364.0	5243.0	5393.0	5232.0	4122.0	5247.0	5044.0	5581.0	4630.0	5200.0	4759.0	4396.0	5154.0	5358.0	5190.0	5244.0	5384.0	4484.0	5024.0	4103.0	4774.0	5693.0	5543.0	5831.0	5787.0	5539.0	4844.0	4930.0	4968.0	4356.0	4952.0	4159.0	4572.0	5000.0	4865.0	4860.0	5509.0	5879.0	4891.0	6263.0	4086.0	4947.0	5209.0	5550.0	6168.0	4710.0	5723.0	4854.0	5539.0	5013.0	4752.0	4864.0	4997.0	5015.0	4070.0	5330.0	4511.0	5589.0	3873.0	4786.0	4840.0	5448.0
128000	163.0	4988.0	5655.0	5355.0	5361.0	4590.0	6168.0	4997.0	4899.0	5324.0	5585.0	4868.0	5938.0	4928.0	5203.0	5969.0	4037.0	4886.0	4265.0	4930.0	6283.0	4752.0	5728.0	5997.0	4615.0	5997.0	5535.0	4194.0	4784.0	5676.0	4771.0	4753.0	5899.0	4659.0	6785.0	5158.0	5909.0	6131.0	4261.0	5634.0	5186.0	4975.0	5151.0	5073.0	3539.0	5261.0	4792.0	5173.0	4434.0	5376.0	3727.0	5490.0	5582.0	5648.0	5282.0	3803.0	4235.0	4905.0	3717.0	6013.0	4862.0	5355.0	4707.0	4700.0	5069.0	5615.0	5630.0	4472.0	5184.0	4209.0	5366.0	4265.0	5548.0	5626.0	5991.0	4511.0	4709.0	5458.0	5083.0	4647.0	4814.0	4552.0	4605.0	4719.0	4631.0	4261.0	4596.0	6409.0	5607.0	5921.0	4285.0	4951.0	4129.0	4578.0	4284.0	5822.0	5516.0	5462.0	3720.0	4197.0	4175.0	3683.0	5178.0	4750.0	4397.0	4519.0	4518.0	4295.0	3875.0	4285.0	5850.0	5107.0	5665.0	5170.0	5728.0	4499.0	5021.0	4630.0	4442.0	5353.0	5008.0	3248.0	6128.0	4761.0	4931.0	5224.0	4581.0	4415.0	7079.0	5274.0	4435.0	5997.0	5052.0	4247.0	5056.0	5226.0	6275.0	6317.0	5106.0	3956.0	4510.0	5299.0	5628.0	5627.0	4642.0	4292.0	5822.0	5834.0	5520.0	6147.0	5550.0	5026.0	4067.0	4468.0	4586.0	5046.0	4584.0	4394.0	4286.0	5249.0	4780.0	6618.0	5617.0	4086.0	5667.0	4274.0	4955.0	4384.0	5535.0	4970.0	4268.0	4806.0	5061.0	5321.0	5107.0	4344.0	3952.0	5481.0	5428.0	4725.0	4144.0	4516.0	6391.0	5365.0	6062.0	5099.0	4104.0	4660.0	4678.0	4857.0	6230.0	6734.0	5166.0	5436.0	5268.0	4890.0	4432.0	4575.0	4725.0	5781.0	4108.0
256000	5.0	50624.0	50656.0	50490.0	48654.0	50596.0	50350.0	50758.0	48555.0	50402.0	50551.0	50699.0	48708.0	49569.0	50664.0	50678.0	50459.0	50666.0	50693.0	50590.0	49230.0	50558.0	49610.0	49336.0	50508.0	50622.0	49967.0	49846.0	50609.0	50641.0	50561.0	50526.0	50634.0	50611.0	50680.0	50636.0	50653.0	50612.0	48010.0	50549.0	50600.0	50563.0	48709.0	50562.0	49838.0	48664.0	49879.0	50568.0	50630.0	50599.0	50734.0	50536.0	48759.0	48551.0	50570.0	48519.0	50629.0	49936.0	50659.0	50552.0	49979.0	50521.0	50698.0	50771.0	48774.0	50630.0	48862.0	50667.0	50600.0	50668.0	50652.0	49560.0	50551.0	50591.0	50518.0	49932.0	49996.0	49279.0	50515.0	50620.0	50684.0	50655.0	50759.0	47973.0	50688.0	49277.0	50659.0	50614.0	49313.0	49816.0	50415.0	50496.0	50533.0	47631.0	48628.0	50628.0	50621.0	48633.0	48685.0	49940.0	49834.0	48719.0	49206.0	50493.0	50794.0	50549.0	50673.0	49883.0	50642.0	48647.0	48459.0	48014.0	50591.0	48598.0	48816.0	50495.0	50500.0	50646.0	50626.0	50792.0	50677.0	48739.0	50705.0	49543.0	50803.0	48749.0	50551.0	50649.0	50679.0	50731.0	48461.0	50602.0	50626.0	50580.0	50539.0	49988.0	50816.0	50641.0	50655.0	50644.0	48674.0	48630.0	50603.0	50624.0	49624.0	50526.0	49916.0	50461.0	50648.0	48573.0	50561.0	50672.0	50511.0	50741.0	49612.0	50600.0	48562.0	50652.0	50622.0	49889.0	50585.0	49973.0	50677.0	50565.0	47673.0	49897.0	50714.0	50734.0	50520.0	50488.0	49217.0	50503.0	50695.0	48593.0	50620.0	50614.0	50702.0	49599.0	50579.0	48665.0	50053.0	50527.0	50845.0	50642.0	50682.0	48539.0	50540.0	48628.0	50503.0	50647.0	50607.0	48562.0	50578.0	50698.0	50577.0	49853.0	49580.0	50678.0	50785.0	49892.0	48551.0
256000	7.0	39522.0	38156.0	38102.0	39496.0	39650.0	37453.0	38500.0	39630.0	39594.0	39531.0	39097.0	38558.0	39556.0	39154.0	38958.0	39055.0	38119.0	38927.0	39627.0	39525.0	37136.0	36973.0	39647.0	39588.0	38049.0	38412.0	39133.0	39020.0	39584.0	37661.0	37379.0	38048.0	38751.0	39578.0	38683.0	39579.0	39704.0	38045.0	39490.0	39562.0	39423.0	38779.0	38747.0	39685.0	39520.0	38739.0	38875.0	39029.0	38520.0	37546.0	39602.0	38560.0	39657.0	38957.0	37582.0	39593.0	38769.0	39620.0	38755.0	38879.0	38880.0	39835.0	39506.0	37991.0	38284.0	38013.0	38125.0	38935.0	39564.0	38594.0	39169.0	39617.0	37623.0	38700.0	38553.0	39177.0	38297.0	38137.0	38295.0	37531.0	39471.0	39547.0	38099.0	38905.0	39119.0	38963.0	39649.0	39177.0	38881.0	39654.0	39102.0	38165.0	39434.0	39498.0	39568.0	39599.0	39602.0	39042.0	38675.0	39500.0	39641.0	39382.0	39457.0	39690.0	39521.0	39212.0	37914.0	36314.0	37947.0	37957.0	39591.0	39524.0	39445.0	39695.0	39509.0	38297.0	37804.0	39590.0	38477.0	39515.0	39502.0	39536.0	39477.0	39066.0	38622.0	39689.0	38143.0	38162.0	36833.0	39001.0	39618.0	38096.0	39451.0	39402.0	38207.0	38513.0	39124.0	38554.0	38942.0	39523.0	39639.0	38095.0	36923.0	38421.0	38768.0	39624.0	39640.0	37947.0	38911.0	38716.0	39203.0	39550.0	39594.0	39536.0	38735.0	38056.0	38062.0	38588.0	39717.0	39081.0	39524.0	38898.0	38133.0	38527.0	39532.0	39508.0	39574.0	39626.0	39621.0	39605.0	38089.0	38110.0	39598.0	39569.0	39571.0	39035.0	37774.0	39692.0	39567.0	39770.0	39365.0	38441.0	39129.0	37487.0	39494.0	39350.0	39131.0	38811.0	39488.0	37698.0	39452.0	37219.0	39793.0	39559.0	36928.0	37393.0	39711.0	39487.0	39152.0	38091.0
256000	10.0	29604.0	28536.0	29191.0	28853.0	29595.0	30184.0	29830.0	30589.0	30128.0	30262.0	29621.0	30118.0	28976.0	30678.0	29680.0	30435.0	30033.0	29377.0	29824.0	30617.0	29406.0	30356.0	30396.0	30157.0	30201.0	30732.0	30764.0	29793.0	29495.0	28787.0	30225.0	30632.0	29250.0	29938.0	29246.0	30090.0	29695.0	28705.0	27768.0	29777.0	30024.0	30660.0	30332.0	29310.0	30407.0	29147.0	28085.0	29714.0	30761.0	29698.0	30739.0	28701.0	29547.0	30711.0	30269.0	29735.0	30338.0	28810.0	30178.0	30872.0	30760.0	28286.0	29559.0	28581.0	29595.0	29347.0	28371.0	30366.0	28707.0	27932.0	30731.0	28951.0	30468.0	28921.0	29565.0	30416.0	30700.0	30364.0	30526.0	30702.0	30464.0	29096.0	29324.0	30344.0	29591.0	29518.0	30359.0	29586.0	29938.0	30364.0	30676.0	29569.0	28819.0	29834.0	29331.0	30710.0	30114.0	28386.0	28970.0	29800.0	30383.0	29937.0	29278.0	30321.0	28867.0	30010.0	30210.0	29703.0	30341.0	30225.0	27361.0	30786.0	28832.0	28679.0	30359.0	30250.0	30619.0	29371.0	28838.0	29999.0	30066.0	30359.0	29702.0	29854.0	30078.0	30524.0	29214.0	30250.0	30264.0	29932.0	29533.0	29205.0	29226.0	28977.0	29306.0	30380.0	28618.0	30217.0	30747.0	29266.0	30880.0	29732.0	30328.0	30809.0	30659.0	30742.0	30035.0	28254.0	29953.0	29785.0	30399.0	28631.0	28865.0	28853.0	29922.0	29660.0	30409.0	30062.0	29014.0	30340.0	30650.0	29589.0	30759.0	29276.0	29873.0	30299.0	29510.0	30020.0	28810.0	29201.0	29797.0	30300.0	28758.0	30739.0	28603.0	29891.0	29238.0	29811.0	29360.0	28918.0	29426.0	30002.0	29023.0	29232.0	29350.0	30028.0	30223.0	30046.0	29513.0	30762.0	29518.0	30114.0	29408.0	28970.0	30712.0	30772.0	29655.0	29733.0	29759.0	28636.0
256000	15.0	22351.0	22120.0	21718.0	21707.0	22314.0	21877.0	21695.0	20674.0	21401.0	23147.0	22447.0	22180.0	21364.0	21984.0	21575.0	21251.0	21977.0	22377.0	22640.0	21892.0	22996.0	21275.0	21698.0	22641.0	22112.0	21672.0	21545.0	21916.0	22256.0	22007.0	22484.0	22237.0	23291.0	22266.0	23586.0	22355.0	22461.0	22520.0	22649.0	22127.0	22460.0	21585.0	22071.0	22792.0	22465.0	22785.0	23147.0	20382.0	22278.0	22566.0	22712.0	21063.0	22919.0	22681.0	23066.0	20518.0	22506.0	23125.0	22733.0	22293.0	21796.0	22420.0	22947.0	22624.0	21622.0	22744.0	21046.0	21905.0	22268.0	22528.0	21992.0	22836.0	22630.0	22430.0	23260.0	22656.0	22497.0	22585.0	22172.0	21772.0	22554.0	21941.0	21770.0	22238.0	21908.0	22882.0	22353.0	21357.0	21907.0	22023.0	21560.0	23381.0	21860.0	22199.0	22508.0	21979.0	21659.0	23532.0	21388.0	21495.0	22423.0	22562.0	22499.0	21660.0	23136.0	22542.0	22166.0	21488.0	20923.0	21781.0	21984.0	21556.0	22913.0	22490.0	21336.0	21259.0	22249.0	21543.0	21802.0	22102.0	22052.0	22665.0	23249.0	22186.0	22149.0	21590.0	22376.0	20777.0	21818.0	22395.0	21094.0	22141.0	22341.0	22230.0	21230.0	22663.0	21810.0	22771.0	21635.0	23144.0	21640.0	22829.0	22649.0	23566.0	22565.0	19599.0	22193.0	21668.0	22274.0	22110.0	22409.0	22990.0	22624.0	22905.0	20554.0	20663.0	19988.0	20958.0	21458.0	21583.0	21181.0	22005.0	22650.0	22723.0	22336.0	22988.0	22081.0	22489.0	22932.0	21450.0	20804.0	21856.0	22073.0	21497.0	22821.0	22111.0	21900.0	21118.0	22385.0	23679.0	21962.0	23266.0	22693.0	22049.0	22225.0	22524.0	21166.0	21669.0	22056.0	23290.0	21760.0	22104.0	21977.0	20912.0	22110.0	21419.0	22698.0	21788.0	22152.0	20912.0
256000	22.0	17275.0	16558.0	17689.0	17237.0	16825.0	16762.0	17646.0	17314.0	16473.0	17558.0	17224.0	17933.0	18191.0	16858.0	17637.0	17373.0	18104.0	18517.0	16936.0	18692.0	17567.0	18245.0	16606.0	17412.0	15589.0	18358.0	17905.0	17014.0	18313.0	17549.0	17837.0	17351.0	17741.0	17340.0	18498.0	18116.0	17010.0	17031.0	18080.0	17385.0	17402.0	16971.0	16781.0	18891.0	17853.0	18279.0	17827.0	17003.0	17713.0	18476.0	16774.0	17156.0	18556.0	16738.0	17216.0	17497.0	17307.0	16372.0	17598.0	16985.0	17964.0	17306.0	17250.0	17906.0	16778.0	16824.0	17083.0	17064.0	16926.0	16861.0	16228.0	18087.0	18422.0	16408.0	17171.0	16863.0	18055.0	15869.0	17800.0	17442.0	16024.0	17652.0	18118.0	17038.0	16727.0	16995.0	15836.0	17314.0	17680.0	17977.0	17299.0	16442.0	16664.0	16267.0	17414.0	18115.0	16355.0	17894.0	16888.0	17789.0	16217.0	17299.0	17097.0	16662.0	17800.0	17618.0	17328.0	16646.0	17380.0	17219.0	17772.0	17038.0	16983.0	16056.0	16858.0	17041.0	15986.0	16984.0	17488.0	17889.0	18010.0	17715.0	17599.0	17796.0	17223.0	17906.0	15760.0	17435.0	18316.0	18065.0	16480.0	16611.0	18313.0	17776.0	18117.0	17410.0	18641.0	18812.0	17027.0	16992.0	16672.0	16801.0	16340.0	15943.0	18190.0	18099.0	17819.0	16572.0	17316.0	17035.0	16630.0	17118.0	16502.0	18636.0	16126.0	17573.0	16284.0	17749.0	17428.0	17015.0	16660.0	16955.0	17250.0	16397.0	17257.0	17278.0	15981.0	17887.0	19603.0	17948.0	17686.0	17278.0	16948.0	18725.0	17550.0	17030.0	17701.0	17331.0	17594.0	17247.0	18166.0	17063.0	16307.0	17563.0	16393.0	18034.0	18254.0	18058.0	18148.0	16219.0	16713.0	18272.0	17311.0	18129.0	15926.0	17276.0	16765.0	19308.0	17082.0	17246.0
256000	33.0	13770.0	13249.0	14665.0	14082.0	14606.0	14042.0	14555.0	13542.0	12870.0	15581.0	15076.0	14248.0	13619.0	14867.0	12334.0	13338.0	13636.0	14916.0	15032.0	12828.0	14091.0	15046.0	12986.0	14277.0	15160.0	13958.0	14633.0	13243.0	14866.0	13014.0	14096.0	13156.0	15402.0	12734.0	12940.0	14592.0	14472.0	13834.0	13186.0	13627.0	14494.0	14780.0	13910.0	13360.0	14469.0	14510.0	14299.0	13983.0	12771.0	14037.0	14118.0	13310.0	14167.0	13429.0	12912.0	14762.0	13202.0	13978.0	13781.0	14371.0	15989.0	13587.0	13027.0	14307.0	14644.0	14219.0	13259.0	12784.0	14441.0	12144.0	15509.0	14457.0	14468.0	12708.0	14245.0	13489.0	14061.0	12520.0	14221.0	14072.0	14767.0	13907.0	13444.0	14863.0	11950.0	13780.0	13158.0	13198.0	14068.0	13308.0	13954.0	13981.0	14382.0	13234.0	13589.0	15250.0	12765.0	14993.0	15383.0	14663.0	13373.0	13869.0	13456.0	13407.0	13159.0	14712.0	13514.0	13395.0	15030.0	13870.0	15071.0	13096.0	14433.0	15180.0	13175.0	12960.0	13087.0	14196.0	14265.0	15255.0	12604.0	15423.0	13692.0	13466.0	15110.0	13329.0	13914.0	14388.0	12385.0	13543.0	13060.0	13233.0	12983.0	12873.0	13993.0	13043.0	14354.0	13649.0	14327.0	13885.0	13550.0	12787.0	14204.0	13350.0	13388.0	14835.0	12489.0	14255.0	13935.0	14647.0	14312.0	13925.0	13273.0	13943.0	13118.0	16188.0	14191.0	13851.0	14621.0	14415.0	13472.0	13410.0	13076.0	15583.0	13138.0	13049.0	13825.0	12416.0	13686.0	14100.0	13074.0	12675.0	13321.0	14238.0	12780.0	14122.0	14329.0	14523.0	13891.0	13744.0	13671.0	14231.0	14406.0	13758.0	14048.0	14825.0	14275.0	14018.0	13951.0	13254.0	13142.0	14335.0	13498.0	14507.0	13101.0	13644.0	13624.0	14299.0	13428.0	13820.0
256000	49.0	11950.0	12487.0	11828.0	12037.0	12042.0	12543.0	12538.0	10001.0	12391.0	11869.0	11086.0	11394.0	10797.0	9945.0	12856.0	13040.0	12502.0	11840.0	12200.0	10347.0	12096.0	11632.0	11799.0	12637.0	12491.0	12263.0	12219.0	11850.0	12294.0	11522.0	10819.0	12662.0	10492.0	11932.0	12508.0	11442.0	12339.0	11614.0	12080.0	11392.0	12776.0	11955.0	11976.0	10146.0	12686.0	10803.0	12354.0	12507.0	12310.0	13274.0	12987.0	10855.0	12005.0	12538.0	12595.0	11689.0	11682.0	12027.0	10650.0	10393.0	11218.0	10965.0	11727.0	12343.0	11374.0	11696.0	10718.0	11546.0	10498.0	11555.0	13582.0	12015.0	10426.0	12245.0	10957.0	11849.0	10664.0	10889.0	12487.0	12209.0	11931.0	12086.0	11426.0	11543.0	12562.0	10605.0	13380.0	11569.0	10996.0	11398.0	9039.0	12330.0	12095.0	12000.0	13997.0	10510.0	11748.0	12530.0	11564.0	12378.0	11984.0	10750.0	11506.0	10448.0	11036.0	11630.0	12325.0	11765.0	10716.0	11210.0	13032.0	12312.0	12235.0	11788.0	12415.0	11858.0	9920.0	10743.0	11636.0	11533.0	11972.0	11737.0	12180.0	11052.0	12486.0	12116.0	12573.0	12362.0	13871.0	10045.0	10923.0	11120.0	11372.0	10642.0	10635.0	11869.0	11084.0	13790.0	11886.0	11599.0	12096.0	10533.0	12343.0	12546.0	11980.0	11997.0	12738.0	11459.0	10521.0	12210.0	12377.0	11987.0	11970.0	10267.0	11657.0	10420.0	11749.0	11710.0	12065.0	13844.0	12589.0	12973.0	12094.0	10785.0	11439.0	12592.0	11565.0	11353.0	12449.0	12728.0	12833.0	10905.0	11165.0	14948.0	14151.0	11287.0	11433.0	10589.0	10806.0	11051.0	12044.0	12667.0	10630.0	12784.0	10896.0	11890.0	12173.0	10582.0	12378.0	14204.0	11664.0	11574.0	13381.0	13592.0	11884.0	11819.0	12058.0	14266.0	10904.0	12829.0
256000	73.0	10413.0	10844.0	11799.0	10379.0	9838.0	10679.0	9161.0	10466.0	11201.0	10520.0	9220.0	9835.0	12209.0	10941.0	10165.0	11857.0	10677.0	9437.0	11366.0	8862.0	11102.0	11521.0	12125.0	9520.0	10226.0	11194.0	9567.0	10797.0	9592.0	10713.0	9837.0	9835.0	10016.0	11085.0	10840.0	11879.0	11659.0	11052.0	8998.0	10876.0	10857.0	10768.0	10947.0	9792.0	8673.0	9577.0	10264.0	11400.0	10000.0	10830.0	10913.0	12586.0	10474.0	11662.0	9892.0	11787.0	11635.0	13679.0	10850.0	8113.0	12811.0	11504.0	8509.0	10355.0	10861.0	10988.0	11499.0	11246.0	11289.0	11511.0	11018.0	11862.0	10208.0	10027.0	10842.0	10559.0	8854.0	9342.0	9838.0	10844.0	10315.0	11311.0	10610.0	11296.0	11307.0	9482.0	11255.0	10228.0	9379.0	11069.0	10511.0	9663.0	9938.0	9485.0	8669.0	9687.0	11914.0	9558.0	9910.0	10527.0	10898.0	10913.0	10909.0	10053.0	10904.0	10654.0	9319.0	12589.0	11731.0	10571.0	10346.0	10756.0	11565.0	10694.0	10866.0	11610.0	10144.0	9436.0	10030.0	10361.0	9614.0	10151.0	11059.0	11899.0	10697.0	11280.0	11569.0	12862.0	14047.0	10635.0	14824.0	10078.0	10701.0	10136.0	10669.0	10620.0	9856.0	11155.0	8320.0	10434.0	12962.0	9742.0	8537.0	10455.0	11243.0	10232.0	10500.0	9686.0	9941.0	11177.0	11982.0	10880.0	11198.0	10721.0	9085.0	10821.0	9069.0	10346.0	9239.0	12353.0	9330.0	11042.0	12410.0	9772.0	9596.0	8759.0	8627.0	8456.0	10228.0	8980.0	10273.0	10212.0	11045.0	13753.0	10259.0	12020.0	9862.0	9282.0	11815.0	10650.0	11041.0	11029.0	10009.0	11074.0	13427.0	9865.0	10187.0	11843.0	10214.0	10669.0	11115.0	9785.0	10925.0	9142.0	10948.0	10961.0	13309.0	9613.0	10710.0	12235.0
256000	109.0	9784.0	9992.0	10167.0	11016.0	9142.0	9206.0	10886.0	10642.0	12008.0	9637.0	10388.0	12197.0	10634.0	11553.0	10774.0	10320.0	10737.0	11708.0	11555.0	10311.0	9357.0	9721.0	11709.0	9827.0	10761.0	12141.0	12012.0	9874.0	8747.0	12999.0	8841.0	8751.0	8332.0	11011.0	9246.0	9430.0	10406.0	9478.0	10008.0	11157.0	9569.0	10131.0	10561.0	9125.0	8562.0	9472.0	8513.0	8936.0	8920.0	11473.0	11134.0	9564.0	13283.0	9900.0	13624.0	11933.0	8683.0	9085.0	12307.0	9948.0	10515.0	9334.0	9651.0	10325.0	9987.0	9227.0	10176.0	9105.0	10517.0	8400.0	10411.0	14289.0	7903.0	10909.0	10911.0	9709.0	9967.0	10284.0	9931.0	9097.0	8278.0	12438.0	9546.0	8841.0	10822.0	10444.0	10534.0	13229.0	11675.0	10232.0	8818.0	11365.0	9157.0	11563.0	8473.0	9610.0	8961.0	9070.0	10053.0	12193.0	10162.0	11527.0	9543.0	12128.0	9612.0	9125.0	11009.0	9075.0	9889.0	11068.0	11896.0	10406.0	9628.0	10241.0	9101.0	9576.0	9567.0	10597.0	11158.0	10023.0	10784.0	9640.0	9743.0	11678.0	11310.0	10075.0	10216.0	11570.0	10274.0	13944.0	9875.0	10573.0	10176.0	8068.0	10822.0	10835.0	8468.0	10723.0	11146.0	8440.0	9812.0	8645.0	9552.0	10154.0	9016.0	9479.0	9082.0	9622.0	10720.0	9625.0	9849.0	9835.0	10217.0	12087.0	10431.0	8594.0	9029.0	10059.0	7439.0	8049.0	7723.0	11548.0	9988.0	9816.0	8777.0	11511.0	8284.0	10368.0	11203.0	10263.0	10980.0	8018.0	9113.0	9658.0	9880.0	13369.0	9987.0	11171.0	9191.0	10496.0	10382.0	9869.0	8926.0	10600.0	11565.0	9864.0	9044.0	7711.0	11211.0	9419.0	11828.0	7546.0	10025.0	11775.0	9964.0	9121.0	9543.0	10343.0	10484.0	11831.0
256000	163.0	9603.0	8396.0	9673.0	12493.0	8626.0	9318.0	9492.0	8955.0	9611.0	8404.0	9331.0	9804.0	10100.0	11215.0	12998.0	9698.0	11115.0	9885.0	10928.0	8325.0	8555.0	11501.0	11212.0	9719.0	11369.0	9361.0	11091.0	8773.0	10531.0	9050.0	13127.0	11033.0	8459.0	10191.0	9211.0	7867.0	12295.0	7959.0	12746.0	10209.0	10712.0	9001.0	8724.0	9042.0	8240.0	8785.0	8600.0	13093.0	10354.0	13161.0	7774.0	10853.0	9199.0	8546.0	9308.0	11685.0	10496.0	10622.0	9617.0	11650.0	11675.0	10931.0	12800.0	9269.0	9954.0	11180.0	11165.0	11284.0	8739.0	8186.0	8456.0	9142.0	9201.0	8102.0	9378.0	10321.0	9671.0	10559.0	10018.0	10067.0	10382.0	8060.0	9962.0	8742.0	11422.0	10478.0	12055.0	10488.0	8359.0	10637.0	9468.0	10400.0	11236.0	8072.0	10514.0	11109.0	9269.0	7271.0	11076.0	9617.0	9701.0	10042.0	10754.0	11915.0	9276.0	7342.0	11275.0	9061.0	10428.0	9911.0	8224.0	9799.0	10830.0	12175.0	13493.0	10842.0	11043.0	11000.0	10588.0	9232.0	8893.0	8482.0	10732.0	9198.0	10460.0	12789.0	13255.0	8924.0	11224.0	8597.0	9346.0	8865.0	7857.0	7724.0	8514.0	10177.0	10699.0	11344.0	10798.0	10717.0	9674.0	9673.0	8733.0	10535.0	11529.0	9658.0	9568.0	7667.0	11085.0	10046.0	15006.0	10861.0	6686.0	11068.0	8276.0	11157.0	10910.0	9746.0	9636.0	10778.0	11620.0	10525.0	10917.0	8553.0	8727.0	9629.0	8724.0	11942.0	11217.0	11308.0	9690.0	12099.0	7678.0	7907.0	12116.0	11166.0	9992.0	9181.0	11723.0	11266.0	10788.0	8960.0	9332.0	9525.0	9482.0	12113.0	9919.0	9904.0	9276.0	10308.0	9175.0	11491.0	11240.0	9041.0	11574.0	9554.0	9893.0	10680.0	13126.0	10280.0
512000	5.0	101401.0	101106.0	101116.0	101179.0	101176.0	101263.0	101357.0	101136.0	97289.0	97272.0	101226.0	101244.0	101516.0	99768.0	101410.0	97200.0	99795.0	101136.0	101196.0	97160.0	101280.0	101319.0	97154.0	101200.0	101440.0	101265.0	101297.0	101131.0	101113.0	101157.0	97132.0	97122.0	101462.0	97307.0	101369.0	97381.0	101372.0	101529.0	101345.0	97235.0	97594.0	99910.0	101019.0	101200.0	99314.0	101348.0	101017.0	101132.0	99710.0	101125.0	99460.0	101252.0	98523.0	101441.0	101377.0	101207.0	101073.0	101153.0	101172.0	101063.0	101349.0	101207.0	99674.0	97474.0	101307.0	101276.0	101189.0	97118.0	101193.0	101150.0	97111.0	101183.0	101270.0	97376.0	97157.0	101336.0	101273.0	101291.0	101087.0	101492.0	101245.0	101192.0	101312.0	99911.0	101169.0	101259.0	101159.0	101069.0	101367.0	101324.0	99441.0	99798.0	101152.0	101389.0	101291.0	98601.0	101144.0	99745.0	101430.0	99129.0	101500.0	101236.0	98466.0	101192.0	101202.0	101257.0	101243.0	99946.0	101178.0	101327.0	101202.0	101233.0	101251.0	101286.0	101344.0	101018.0	99174.0	101335.0	101100.0	101329.0	97268.0	97327.0	101137.0	101348.0	97265.0	95949.0	101423.0	101593.0	99857.0	100930.0	101166.0	101428.0	99823.0	99800.0	101441.0	101127.0	98614.0	101251.0	97139.0	101295.0	99685.0	101204.0	101437.0	94857.0	101124.0	101210.0	101056.0	101185.0	101199.0	101432.0	101157.0	101294.0	101240.0	101189.0	99280.0	99387.0	101311.0	101239.0	97368.0	101175.0	101365.0	97052.0	101312.0	97516.0	101311.0	101261.0	101141.0	101364.0	99071.0	101190.0	101546.0	101110.0	99822.0	101252.0	99778.0	101184.0	101037.0	99807.0	101261.0	101382.0	99233.0	101221.0	99220.0	101380.0	97741.0	101289.0	99737.0	101336.0	101396.0	95664.0	101183.0	101261.0	101361.0	101162.0	101266.0	101286.0	101205.0	101187.0	99281.0	101409.0
512000	7.0	74064.0	77017.0	77966.0	79207.0	79099.0	75293.0	77276.0	79102.0	79110.0	77051.0	79066.0	79072.0	76410.0	75218.0	79163.0	79239.0	77904.0	79178.0	77787.0	76011.0	79090.0	75044.0	79174.0	77695.0	77016.0	79023.0	79372.0	79141.0	76072.0	79070.0	79099.0	79125.0	79136.0	76159.0	78268.0	77258.0	74090.0	79265.0	79244.0	74878.0	76169.0	78109.0	76964.0	78222.0	76131.0	78146.0	79281.0	76942.0	79106.0	77110.0	78358.0	74614.0	76166.0	79243.0	76263.0	76956.0	77812.0	79289.0	76633.0	76114.0	76180.0	79077.0	79034.0	78164.0	79297.0	78352.0	79240.0	79185.0	76100.0	75557.0	79239.0	78009.0	76027.0	78118.0	78965.0	75312.0	77842.0	79201.0	79155.0	76003.0	77419.0	77089.0	78265.0	76231.0	79266.0	77613.0	76654.0	73886.0	77463.0	77700.0	79088.0	79425.0	74546.0	76259.0	75133.0	76273.0	76105.0	75965.0	79220.0	79128.0	79094.0	79271.0	76024.0	79202.0	77177.0	79258.0	79215.0	79244.0	77139.0	78883.0	77403.0	78992.0	76844.0	79028.0	79236.0	78262.0	79301.0	79182.0	79133.0	79204.0	74609.0	79136.0	79293.0	79174.0	77987.0	78251.0	74828.0	77847.0	79199.0	78971.0	77489.0	79039.0	77033.0	79224.0	73410.0	79282.0	79185.0	77946.0	79073.0	78988.0	75622.0	78486.0	78472.0	76118.0	77406.0	77963.0	79406.0	79094.0	79238.0	77430.0	77392.0	76140.0	76013.0	76113.0	79053.0	78243.0	79174.0	79029.0	76023.0	77187.0	79160.0	77896.0	79027.0	78990.0	78306.0	79305.0	79051.0	77231.0	75875.0	79364.0	79131.0	76323.0	79272.0	75008.0	75890.0	79170.0	74927.0	79152.0	78889.0	79037.0	74761.0	79143.0	78986.0	77408.0	76992.0	74944.0	76004.0	77531.0	79017.0	77507.0	79219.0	78991.0	79060.0	75883.0	77993.0	79081.0	76215.0	77925.0	79276.0	76954.0
512000	10.0	61323.0	61539.0	59453.0	60701.0	58796.0	59403.0	61438.0	60915.0	59756.0	59776.0	60972.0	60796.0	59935.0	58297.0	57618.0	57333.0	61574.0	58300.0	60185.0	58127.0	59745.0	60779.0	57257.0	59940.0	59927.0	61002.0	55374.0	57812.0	61507.0	61444.0	56869.0	60839.0	59217.0	57412.0	60159.0	61409.0	60110.0	59396.0	59862.0	59212.0	59299.0	59054.0	60811.0	57728.0	58870.0	55672.0	55020.0	58670.0	60980.0	60716.0	60052.0	58510.0	61540.0	61034.0	61323.0	58693.0	57569.0	57552.0	61699.0	56827.0	61481.0	60056.0	57646.0	61499.0	59995.0	60685.0	58361.0	57831.0	60964.0	61494.0	60028.0	56695.0	59227.0	59276.0	57863.0	59205.0	59934.0	59551.0	60780.0	59658.0	57523.0	59710.0	60217.0	58007.0	60015.0	59414.0	58785.0	59066.0	59465.0	60764.0	60549.0	60869.0	59834.0	57662.0	58889.0	61541.0	56992.0	61680.0	58676.0	58578.0	57018.0	60157.0	59875.0	60703.0	57687.0	57257.0	59850.0	59502.0	58146.0	61236.0	60484.0	60401.0	57977.0	57923.0	59889.0	59949.0	60837.0	59783.0	57765.0	59599.0	59858.0	60492.0	57241.0	57005.0	59678.0	60820.0	59910.0	58882.0	60387.0	57509.0	57142.0	59361.0	59764.0	60303.0	60548.0	56968.0	58273.0	59766.0	60652.0	57865.0	56391.0	60014.0	58541.0	59758.0	60719.0	57157.0	60639.0	59852.0	60356.0	59936.0	59443.0	60061.0	59443.0	61501.0	59546.0	60099.0	60587.0	60486.0	60143.0	61617.0	61038.0	61272.0	57483.0	59905.0	61501.0	58660.0	59000.0	56001.0	58097.0	59322.0	59148.0	57234.0	61353.0	60210.0	59692.0	59222.0	59530.0	60516.0	57972.0	61075.0	59117.0	61455.0	58507.0	59859.0	61051.0	60573.0	60744.0	61390.0	59156.0	60686.0	60145.0	61382.0	58816.0	61453.0	60080.0	58728.0	60912.0	60750.0	60376.0	60134.0
512000	15.0	43412.0	43557.0	44072.0	43281.0	44674.0	45043.0	45551.0	44609.0	44540.0	45352.0	44138.0	43507.0	44686.0	44588.0	41753.0	44478.0	41193.0	45780.0	43701.0	43109.0	43751.0	45894.0	42302.0	44717.0	40891.0	42850.0	46646.0	46500.0	42799.0	46213.0	44314.0	45385.0	45186.0	44119.0	45418.0	44718.0	44692.0	43157.0	43443.0	43640.0	41406.0	41624.0	45506.0	42506.0	42965.0	44082.0	45909.0	45322.0	44521.0	46994.0	44618.0	42957.0	43219.0	42401.0	43717.0	45862.0	45491.0	43360.0	45397.0	43353.0	43013.0	45313.0	43145.0	44651.0	44325.0	43223.0	44664.0	42542.0	45348.0	41707.0	42717.0	44827.0	41746.0	46298.0	45819.0	46612.0	46722.0	45687.0	45192.0	43030.0	46599.0	42834.0	46382.0	43166.0	44532.0	44881.0	46388.0	44629.0	44399.0	44702.0	42598.0	46022.0	44332.0	43865.0	44701.0	45007.0	42079.0	43758.0	44026.0	46503.0	42139.0	46233.0	41682.0	45361.0	43336.0	45121.0	45658.0	44630.0	44909.0	44306.0	44038.0	44673.0	44298.0	43105.0	42749.0	43468.0	44092.0	45551.0	46231.0	41668.0	47041.0	43795.0	44082.0	44231.0	46333.0	43673.0	44772.0	45891.0	44605.0	45554.0	43512.0	44036.0	43912.0	46261.0	45039.0	44731.0	44677.0	45496.0	42597.0	44905.0	45065.0	43553.0	45105.0	46163.0	47375.0	46560.0	44704.0	44707.0	47675.0	44948.0	44204.0	44898.0	44478.0	44248.0	45604.0	45811.0	43324.0	43993.0	45321.0	43701.0	41580.0	43309.0	46606.0	43486.0	41867.0	44489.0	44797.0	45094.0	43620.0	43195.0	44153.0	45011.0	42835.0	42956.0	45179.0	44634.0	44975.0	45304.0	43023.0	42006.0	45686.0	45559.0	42646.0	43743.0	42037.0	44711.0	44291.0	46230.0	44258.0	43040.0	44585.0	42145.0	45467.0	44594.0	43832.0	44744.0	42998.0	43858.0	43013.0	41987.0
512000	22.0	33278.0	32797.0	36770.0	33277.0	38606.0	32159.0	36429.0	33485.0	34576.0	35030.0	35727.0	36860.0	33898.0	36027.0	36367.0	34375.0	36675.0	35440.0	34699.0	33336.0	37145.0	34124.0	34520.0	36354.0	35123.0	36332.0	36084.0	34361.0	33749.0	36596.0	35903.0	30620.0	34486.0	33568.0	33973.0	34478.0	37558.0	32289.0	33478.0	34750.0	34437.0	34674.0	34449.0	33085.0	33442.0	35176.0	31262.0	34730.0	33831.0	34057.0	32425.0	35050.0	33868.0	33675.0	33460.0	34077.0	34997.0	34203.0	32874.0	34353.0	36182.0	31839.0	34767.0	36110.0	34503.0	33542.0	35938.0	33966.0	34893.0	36505.0	37139.0	36151.0	34238.0	34474.0	35317.0	34441.0	32876.0	34669.0	33856.0	34368.0	35489.0	36202.0	33965.0	36002.0	36468.0	34672.0	34228.0	32840.0	35374.0	34702.0	32422.0	34098.0	35580.0	35390.0	35120.0	35651.0	32741.0	37658.0	34704.0	34371.0	33949.0	35206.0	32068.0	32650.0	31529.0	37143.0	35208.0	32915.0	34401.0	35424.0	37065.0	32063.0	36117.0	33991.0	36789.0	35241.0	37895.0	33729.0	34135.0	36932.0	37382.0	34204.0	35488.0	37118.0	35856.0	34584.0	35422.0	33923.0	31292.0	32994.0	33991.0	35161.0	37225.0	34892.0	34715.0	32586.0	31638.0	37421.0	35172.0	34049.0	34810.0	35328.0	34566.0	34176.0	37382.0	36634.0	35961.0	36046.0	34397.0	38239.0	33748.0	34493.0	34749.0	34573.0	33763.0	33197.0	32920.0	36169.0	33758.0	35678.0	32893.0	34265.0	36051.0	33253.0	35771.0	34258.0	32693.0	34837.0	35988.0	34387.0	31461.0	32922.0	36325.0	33858.0	33864.0	33913.0	34502.0	35553.0	37998.0	36747.0	35299.0	33062.0	31509.0	34688.0	33545.0	36482.0	33958.0	35419.0	31313.0	33794.0	35855.0	35030.0	33852.0	33798.0	35112.0	34664.0	33394.0	35002.0	35761.0	35912.0
512000	33.0	25316.0	26022.0	24210.0	26435.0	30327.0	28168.0	28870.0	27154.0	30196.0	28851.0	26281.0	25936.0	30567.0	26448.0	27532.0	26863.0	29098.0	26720.0	28428.0	27909.0	26655.0	29354.0	28661.0	27717.0	26290.0	26255.0	25093.0	27967.0	28660.0	26987.0	26449.0	28315.0	29028.0	29580.0	28379.0	29181.0	29154.0	26139.0	30741.0	28640.0	24918.0	29747.0	28381.0	28332.0	28873.0	26818.0	27825.0	27055.0	25559.0	26095.0	30090.0	25058.0	26942.0	29131.0	24490.0	27339.0	27063.0	26223.0	26197.0	26572.0	26920.0	28916.0	28450.0	30011.0	26947.0	30040.0	28337.0	28518.0	27429.0	25980.0	27476.0	26506.0	25371.0	28407.0	28241.0	24596.0	29381.0	26290.0	26323.0	29098.0	27155.0	25972.0	26180.0	25701.0	26261.0	30346.0	26297.0	27317.0	29639.0	23530.0	24842.0	27434.0	29901.0	27587.0	29103.0	25942.0	27127.0	26357.0	26446.0	25399.0	26500.0	27536.0	25050.0	27857.0	28555.0	25658.0	26613.0	28319.0	31089.0	26749.0	28897.0	28324.0	24343.0	28570.0	29564.0	30142.0	27800.0	31501.0	28618.0	30613.0	27611.0	26195.0	28489.0	27307.0	26131.0	25744.0	24794.0	25754.0	29890.0	29017.0	28348.0	25752.0	27712.0	26375.0	30669.0	28819.0	28668.0	25888.0	24493.0	24379.0	34568.0	29089.0	25753.0	26398.0	26676.0	27758.0	27105.0	27577.0	27917.0	26984.0	28622.0	27967.0	29422.0	29534.0	29319.0	25655.0	25888.0	27438.0	27869.0	28754.0	28696.0	28020.0	30615.0	28260.0	31424.0	24472.0	28763.0	28843.0	28481.0	26504.0	28698.0	27627.0	29668.0	26117.0	29287.0	27828.0	26465.0	29376.0	25777.0	26878.0	24504.0	27551.0	27623.0	23652.0	26330.0	24473.0	29119.0	24450.0	28658.0	26202.0	29669.0	26256.0	28651.0	27893.0	27211.0	26716.0	28073.0	26180.0	26028.0	28381.0
512000	49.0	20665.0	20177.0	22728.0	21189.0	23363.0	22740.0	22702.0	21595.0	23644.0	23230.0	25191.0	20925.0	24357.0	21811.0	23160.0	21878.0	27243.0	19999.0	25944.0	25025.0	23400.0	20534.0	23622.0	22140.0	24071.0	24127.0	26129.0	24261.0	24287.0	23293.0	22204.0	23124.0	23617.0	25698.0	24820.0	20537.0	20561.0	22963.0	24290.0	21918.0	24288.0	27130.0	24925.0	23211.0	23563.0	21530.0	22462.0	26036.0	23029.0	24709.0	23049.0	24670.0	22597.0	22027.0	25294.0	23253.0	23763.0	22586.0	26169.0	22423.0	21296.0	24198.0	23599.0	23967.0	22268.0	21649.0	23088.0	25438.0	23761.0	23705.0	21185.0	23465.0	25163.0	20201.0	24613.0	22085.0	25179.0	24105.0	24819.0	21760.0	22324.0	23550.0	24850.0	22961.0	23226.0	24422.0	23765.0	23530.0	26492.0	21053.0	18414.0	25028.0	25702.0	20687.0	23286.0	26206.0	23325.0	20570.0	23257.0	24370.0	20874.0	23097.0	24073.0	21192.0	25471.0	26443.0	21779.0	23912.0	25893.0	23011.0	25164.0	20458.0	21542.0	23653.0	24708.0	25973.0	21785.0	24739.0	23996.0	24303.0	22315.0	22178.0	23319.0	22903.0	21770.0	23933.0	26379.0	21630.0	23659.0	18485.0	22901.0	22894.0	23950.0	24053.0	23068.0	21427.0	23780.0	22450.0	24760.0	19670.0	23366.0	23548.0	27967.0	23850.0	22021.0	20395.0	24745.0	21355.0	23260.0	22563.0	23539.0	22775.0	20500.0	21002.0	22814.0	26225.0	21446.0	19734.0	21937.0	23272.0	20902.0	23829.0	23440.0	21002.0	24821.0	26479.0	24050.0	22659.0	22221.0	22212.0	23487.0	22371.0	23720.0	26297.0	23625.0	25600.0	24438.0	21660.0	22661.0	23560.0	23524.0	24403.0	24917.0	22150.0	23216.0	23400.0	23759.0	23067.0	24517.0	22211.0	29672.0	20431.0	23210.0	26314.0	23882.0	23489.0	24027.0	21199.0	25243.0	23314.0
512000	73.0	22560.0	21218.0	21764.0	17929.0	22261.0	20883.0	24198.0	19886.0	21233.0	20514.0	21784.0	21206.0	21330.0	23188.0	23146.0	28908.0	22458.0	19888.0	22354.0	19131.0	22522.0	20030.0	24356.0	25021.0	20220.0	21594.0	19575.0	18900.0	26968.0	21034.0	22973.0	18713.0	24844.0	21506.0	27280.0	19733.0	21495.0	18768.0	22833.0	20112.0	23985.0	19233.0	21390.0	20714.0	20892.0	21054.0	21327.0	21853.0	17527.0	20845.0	23262.0	19758.0	23197.0	21188.0	21263.0	21076.0	19325.0	22201.0	21573.0	19935.0	19877.0	22320.0	19739.0	22598.0	19302.0	19547.0	24671.0	20431.0	20894.0	23602.0	22683.0	19067.0	25032.0	20061.0	24825.0	16649.0	21646.0	23370.0	22892.0	27700.0	24332.0	23720.0	23076.0	18960.0	22435.0	22345.0	21697.0	22377.0	21845.0	21962.0	21419.0	20286.0	20934.0	20661.0	22608.0	21448.0	21297.0	19293.0	28492.0	21050.0	23142.0	21546.0	20598.0	21456.0	24086.0	19923.0	19122.0	17991.0	21961.0	24716.0	22925.0	24739.0	21298.0	19607.0	22949.0	21637.0	19125.0	18871.0	18760.0	23247.0	21012.0	20920.0	24216.0	19915.0	25237.0	24052.0	23626.0	23313.0	19794.0	18415.0	16348.0	23398.0	19835.0	19227.0	22559.0	18761.0	22081.0	24596.0	21917.0	18668.0	18701.0	20056.0	19656.0	24179.0	19821.0	23313.0	19571.0	21088.0	21249.0	23109.0	18776.0	23322.0	20085.0	24305.0	21061.0	28869.0	19552.0	21690.0	21651.0	22340.0	21168.0	25776.0	21941.0	24377.0	23879.0	19883.0	22960.0	22923.0	20238.0	23540.0	26183.0	19677.0	27230.0	16791.0	22099.0	20871.0	24307.0	19076.0	19496.0	24508.0	18840.0	20358.0	23842.0	22908.0	23080.0	19006.0	21413.0	22832.0	23381.0	22329.0	20742.0	21021.0	21600.0	21834.0	21335.0	25232.0	22583.0	22020.0	23589.0	18098.0
512000	109.0	19737.0	24005.0	19843.0	20989.0	18603.0	19881.0	18573.0	17704.0	18577.0	21091.0	17333.0	20455.0	20173.0	19751.0	19476.0	24249.0	18818.0	18549.0	17349.0	17958.0	15603.0	20108.0	23954.0	18571.0	22566.0	17727.0	20675.0	23351.0	23919.0	22398.0	21373.0	23030.0	18293.0	22312.0	22127.0	17010.0	17922.0	19699.0	20673.0	18178.0	19570.0	20261.0	23276.0	23566.0	19791.0	19153.0	17357.0	19363.0	17503.0	20989.0	16303.0	20053.0	17419.0	24030.0	19709.0	17907.0	21149.0	18012.0	21840.0	19083.0	17799.0	19694.0	23108.0	23555.0	22588.0	24737.0	16446.0	18197.0	27968.0	20216.0	22019.0	18458.0	20647.0	20892.0	16041.0	26584.0	22509.0	18310.0	19735.0	19767.0	17323.0	25213.0	21330.0	17809.0	19286.0	23281.0	19392.0	27019.0	18698.0	19673.0	18946.0	24184.0	20210.0	21898.0	22808.0	18751.0	25613.0	19319.0	18074.0	16061.0	17099.0	17354.0	20735.0	20366.0	18495.0	19688.0	26168.0	21329.0	22234.0	19941.0	15723.0	19363.0	21186.0	27465.0	25429.0	24540.0	21526.0	21031.0	20015.0	17343.0	21374.0	21103.0	21843.0	16801.0	19388.0	18566.0	17392.0	16493.0	19142.0	20715.0	24880.0	28905.0	17368.0	21370.0	23242.0	15703.0	22080.0	20524.0	21645.0	18403.0	20078.0	20242.0	17602.0	23481.0	25972.0	24150.0	21861.0	19203.0	20394.0	21036.0	18934.0	22214.0	18835.0	18721.0	19079.0	19298.0	22430.0	22861.0	17937.0	15136.0	19683.0	19593.0	21201.0	19174.0	23090.0	23626.0	16904.0	17808.0	18182.0	18011.0	19115.0	22728.0	20570.0	18139.0	16929.0	19441.0	17971.0	18527.0	17988.0	17853.0	23132.0	26692.0	23012.0	21823.0	17684.0	21369.0	22661.0	19644.0	22773.0	18286.0	25112.0	18047.0	19641.0	17249.0	24671.0	17537.0	18075.0	15903.0	23707.0	20563.0
512000	163.0	21559.0	17142.0	23825.0	16173.0	17364.0	19806.0	19304.0	18160.0	21342.0	17636.0	19835.0	19869.0	22311.0	18758.0	18855.0	21565.0	18124.0	20910.0	26323.0	18930.0	21071.0	19957.0	20723.0	19703.0	19369.0	19927.0	24341.0	21508.0	20656.0	23124.0	19113.0	19280.0	22069.0	19557.0	19662.0	23476.0	21121.0	19970.0	20616.0	18083.0	19435.0	19134.0	17360.0	18886.0	19134.0	19656.0	21674.0	18630.0	20748.0	23397.0	24441.0	18061.0	18070.0	26712.0	18401.0	20423.0	18435.0	22925.0	18938.0	19055.0	17621.0	26263.0	17776.0	21369.0	22025.0	18009.0	19210.0	19626.0	18560.0	18151.0	18882.0	14967.0	23667.0	19213.0	16478.0	20246.0	27007.0	21558.0	20795.0	22251.0	21380.0	20168.0	17347.0	22669.0	19499.0	27135.0	20194.0	17429.0	18600.0	20853.0	17587.0	22264.0	23447.0	18494.0	19527.0	20394.0	17925.0	17372.0	24917.0	18525.0	18516.0	22864.0	21955.0	20527.0	21159.0	24933.0	25856.0	18935.0	15584.0	20932.0	17466.0	21222.0	20203.0	19210.0	20553.0	21481.0	20300.0	19813.0	21592.0	20164.0	24412.0	18925.0	20902.0	20109.0	17131.0	15207.0	19530.0	19455.0	20159.0	22118.0	20164.0	20238.0	19432.0	20010.0	16895.0	19109.0	22474.0	18039.0	17246.0	16396.0	20702.0	20992.0	18747.0	19329.0	24553.0	20320.0	20466.0	18267.0	14893.0	22510.0	21631.0	22937.0	23300.0	18366.0	15279.0	20241.0	21208.0	22260.0	26455.0	21227.0	20856.0	19810.0	17242.0	24123.0	15709.0	22747.0	21787.0	20314.0	20172.0	19086.0	26192.0	19066.0	20708.0	18378.0	19659.0	21874.0	16733.0	22725.0	19487.0	18270.0	21558.0	18163.0	22621.0	23699.0	20353.0	24245.0	19308.0	23040.0	16842.0	19278.0	18876.0	21459.0	23131.0	25065.0	20328.0	22477.0	20379.0	24055.0	15087.0	15714.0
